datetime,demand_mwh,country
2024-04-01 00:00:00,36808.25,Germany
2024-04-01 01:00:00,35437.25,Germany
2024-04-01 02:00:00,34585.0,Germany
2024-04-01 03:00:00,34303.5,Germany
2024-04-01 04:00:00,34851.5,Germany
2024-04-01 05:00:00,35657.5,Germany
2024-04-01 06:00:00,36365.5,Germany
2024-04-01 07:00:00,37172.5,Germany
2024-04-01 08:00:00,40323.0,Germany
2024-04-01 09:00:00,44014.75,Germany
2024-04-01 10:00:00,46691.5,Germany
2024-04-01 11:00:00,49335.5,Germany
2024-04-01 12:00:00,49635.75,Germany
2024-04-01 13:00:00,48382.75,Germany
2024-04-01 14:00:00,47515.75,Germany
2024-04-01 15:00:00,47153.25,Germany
2024-04-01 16:00:00,46674.75,Germany
2024-04-01 17:00:00,47585.5,Germany
2024-04-01 18:00:00,48611.5,Germany
2024-04-01 19:00:00,50592.0,Germany
2024-04-01 20:00:00,50140.0,Germany
2024-04-01 21:00:00,48353.25,Germany
2024-04-01 22:00:00,46985.0,Germany
2024-04-01 23:00:00,44311.75,Germany
2024-04-02 00:00:00,41658.0,Germany
2024-04-02 01:00:00,40211.25,Germany
2024-04-02 02:00:00,40147.5,Germany
2024-04-02 03:00:00,40683.5,Germany
2024-04-02 04:00:00,42727.75,Germany
2024-04-02 05:00:00,45981.5,Germany
2024-04-02 06:00:00,53492.75,Germany
2024-04-02 07:00:00,57892.0,Germany
2024-04-02 08:00:00,61908.75,Germany
2024-04-02 09:00:00,64094.25,Germany
2024-04-02 10:00:00,64968.25,Germany
2024-04-02 11:00:00,65546.5,Germany
2024-04-02 12:00:00,65125.0,Germany
2024-04-02 13:00:00,63657.75,Germany
2024-04-02 14:00:00,61327.0,Germany
2024-04-02 15:00:00,60007.5,Germany
2024-04-02 16:00:00,59373.0,Germany
2024-04-02 17:00:00,59483.0,Germany
2024-04-02 18:00:00,60470.25,Germany
2024-04-02 19:00:00,60523.75,Germany
2024-04-02 20:00:00,58952.5,Germany
2024-04-02 21:00:00,56336.75,Germany
2024-04-02 22:00:00,52714.25,Germany
2024-04-02 23:00:00,49385.75,Germany
2024-04-03 00:00:00,46837.75,Germany
2024-04-03 01:00:00,45176.75,Germany
2024-04-03 02:00:00,44523.25,Germany
2024-04-03 03:00:00,44817.5,Germany
2024-04-03 04:00:00,45892.5,Germany
2024-04-03 05:00:00,48677.25,Germany
2024-04-03 06:00:00,54611.75,Germany
2024-04-03 07:00:00,58935.25,Germany
2024-04-03 08:00:00,61945.75,Germany
2024-04-03 09:00:00,61737.75,Germany
2024-04-03 10:00:00,63366.5,Germany
2024-04-03 11:00:00,63591.0,Germany
2024-04-03 12:00:00,63602.75,Germany
2024-04-03 13:00:00,62673.25,Germany
2024-04-03 14:00:00,61375.0,Germany
2024-04-03 15:00:00,60361.25,Germany
2024-04-03 16:00:00,58925.0,Germany
2024-04-03 17:00:00,59159.75,Germany
2024-04-03 18:00:00,60267.25,Germany
2024-04-03 19:00:00,61180.75,Germany
2024-04-03 20:00:00,59999.0,Germany
2024-04-03 21:00:00,56857.25,Germany
2024-04-03 22:00:00,54151.5,Germany
2024-04-03 23:00:00,50747.0,Germany
2024-04-04 00:00:00,47742.75,Germany
2024-04-04 01:00:00,45669.25,Germany
2024-04-04 02:00:00,44371.5,Germany
2024-04-04 03:00:00,44805.0,Germany
2024-04-04 04:00:00,45907.5,Germany
2024-04-04 05:00:00,48717.5,Germany
2024-04-04 06:00:00,55380.5,Germany
2024-04-04 07:00:00,59725.75,Germany
2024-04-04 08:00:00,61819.75,Germany
2024-04-04 09:00:00,62149.5,Germany
2024-04-04 10:00:00,63455.25,Germany
2024-04-04 11:00:00,63666.25,Germany
2024-04-04 12:00:00,63324.5,Germany
2024-04-04 13:00:00,63135.0,Germany
2024-04-04 14:00:00,61591.25,Germany
2024-04-04 15:00:00,60341.5,Germany
2024-04-04 16:00:00,59984.0,Germany
2024-04-04 17:00:00,60038.75,Germany
2024-04-04 18:00:00,60776.75,Germany
2024-04-04 19:00:00,61388.25,Germany
2024-04-04 20:00:00,59796.25,Germany
2024-04-04 21:00:00,57492.0,Germany
2024-04-04 22:00:00,54339.75,Germany
2024-04-04 23:00:00,50331.5,Germany
2024-04-05 00:00:00,47445.75,Germany
2024-04-05 01:00:00,44862.75,Germany
2024-04-05 02:00:00,43869.25,Germany
2024-04-05 03:00:00,44511.75,Germany
2024-04-05 04:00:00,45231.5,Germany
2024-04-05 05:00:00,48659.0,Germany
2024-04-05 06:00:00,54194.25,Germany
2024-04-05 07:00:00,58717.25,Germany
2024-04-05 08:00:00,60638.25,Germany
2024-04-05 09:00:00,60471.75,Germany
2024-04-05 10:00:00,61618.25,Germany
2024-04-05 11:00:00,62232.25,Germany
2024-04-05 12:00:00,62358.75,Germany
2024-04-05 13:00:00,61722.5,Germany
2024-04-05 14:00:00,60018.25,Germany
2024-04-05 15:00:00,59449.75,Germany
2024-04-05 16:00:00,58649.25,Germany
2024-04-05 17:00:00,58395.25,Germany
2024-04-05 18:00:00,58744.75,Germany
2024-04-05 19:00:00,59738.0,Germany
2024-04-05 20:00:00,57976.0,Germany
2024-04-05 21:00:00,54602.5,Germany
2024-04-05 22:00:00,50793.5,Germany
2024-04-05 23:00:00,46509.5,Germany
2024-04-06 00:00:00,44981.5,Germany
2024-04-06 01:00:00,42879.5,Germany
2024-04-06 02:00:00,41354.25,Germany
2024-04-06 03:00:00,40799.75,Germany
2024-04-06 04:00:00,40954.25,Germany
2024-04-06 05:00:00,41391.5,Germany
2024-04-06 06:00:00,42386.0,Germany
2024-04-06 07:00:00,44443.0,Germany
2024-04-06 08:00:00,48100.25,Germany
2024-04-06 09:00:00,50185.75,Germany
2024-04-06 10:00:00,51936.5,Germany
2024-04-06 11:00:00,51789.0,Germany
2024-04-06 12:00:00,50208.5,Germany
2024-04-06 13:00:00,48450.75,Germany
2024-04-06 14:00:00,46969.0,Germany
2024-04-06 15:00:00,46827.25,Germany
2024-04-06 16:00:00,46524.75,Germany
2024-04-06 17:00:00,47388.75,Germany
2024-04-06 18:00:00,48588.0,Germany
2024-04-06 19:00:00,50213.5,Germany
2024-04-06 20:00:00,49994.5,Germany
2024-04-06 21:00:00,47945.25,Germany
2024-04-06 22:00:00,45705.5,Germany
2024-04-06 23:00:00,43215.5,Germany
2024-04-07 00:00:00,40547.75,Germany
2024-04-07 01:00:00,38358.75,Germany
2024-04-07 02:00:00,37182.0,Germany
2024-04-07 03:00:00,36672.25,Germany
2024-04-07 04:00:00,37273.5,Germany
2024-04-07 05:00:00,38093.25,Germany
2024-04-07 06:00:00,39901.0,Germany
2024-04-07 07:00:00,41634.5,Germany
2024-04-07 08:00:00,44590.75,Germany
2024-04-07 09:00:00,46146.75,Germany
2024-04-07 10:00:00,47606.75,Germany
2024-04-07 11:00:00,48583.25,Germany
2024-04-07 12:00:00,47686.25,Germany
2024-04-07 13:00:00,44650.0,Germany
2024-04-07 14:00:00,43486.0,Germany
2024-04-07 15:00:00,43202.0,Germany
2024-04-07 16:00:00,43227.75,Germany
2024-04-07 17:00:00,45261.75,Germany
2024-04-07 18:00:00,47302.25,Germany
2024-04-07 19:00:00,48702.5,Germany
2024-04-07 20:00:00,48762.25,Germany
2024-04-07 21:00:00,46556.0,Germany
2024-04-07 22:00:00,45105.5,Germany
2024-04-07 23:00:00,42482.25,Germany
2024-04-08 00:00:00,40351.0,Germany
2024-04-08 01:00:00,39480.0,Germany
2024-04-08 02:00:00,38145.0,Germany
2024-04-08 03:00:00,38174.25,Germany
2024-04-08 04:00:00,39069.75,Germany
2024-04-08 05:00:00,43140.75,Germany
2024-04-08 06:00:00,51611.75,Germany
2024-04-08 07:00:00,56783.25,Germany
2024-04-08 08:00:00,60084.0,Germany
2024-04-08 09:00:00,61340.5,Germany
2024-04-08 10:00:00,61121.25,Germany
2024-04-08 11:00:00,61202.0,Germany
2024-04-08 12:00:00,60895.5,Germany
2024-04-08 13:00:00,59269.5,Germany
2024-04-08 14:00:00,57604.25,Germany
2024-04-08 15:00:00,58119.5,Germany
2024-04-08 16:00:00,56677.75,Germany
2024-04-08 17:00:00,56914.75,Germany
2024-04-08 18:00:00,57777.0,Germany
2024-04-08 19:00:00,58469.0,Germany
2024-04-08 20:00:00,57300.5,Germany
2024-04-08 21:00:00,54479.25,Germany
2024-04-08 22:00:00,50741.0,Germany
2024-04-08 23:00:00,46381.0,Germany
2024-04-09 00:00:00,43112.0,Germany
2024-04-09 01:00:00,41667.75,Germany
2024-04-09 02:00:00,40980.25,Germany
2024-04-09 03:00:00,42090.0,Germany
2024-04-09 04:00:00,43157.25,Germany
2024-04-09 05:00:00,46770.25,Germany
2024-04-09 06:00:00,54690.25,Germany
2024-04-09 07:00:00,59095.25,Germany
2024-04-09 08:00:00,62098.75,Germany
2024-04-09 09:00:00,62739.75,Germany
2024-04-09 10:00:00,63152.5,Germany
2024-04-09 11:00:00,63477.75,Germany
2024-04-09 12:00:00,63788.5,Germany
2024-04-09 13:00:00,62917.5,Germany
2024-04-09 14:00:00,62052.0,Germany
2024-04-09 15:00:00,61037.75,Germany
2024-04-09 16:00:00,60985.25,Germany
2024-04-09 17:00:00,60882.25,Germany
2024-04-09 18:00:00,62027.5,Germany
2024-04-09 19:00:00,61788.25,Germany
2024-04-09 20:00:00,60487.25,Germany
2024-04-09 21:00:00,57710.25,Germany
2024-04-09 22:00:00,53368.0,Germany
2024-04-09 23:00:00,49873.25,Germany
2024-04-10 00:00:00,46844.25,Germany
2024-04-10 01:00:00,45679.0,Germany
2024-04-10 02:00:00,44083.0,Germany
2024-04-10 03:00:00,44388.5,Germany
2024-04-10 04:00:00,45269.25,Germany
2024-04-10 05:00:00,48518.5,Germany
2024-04-10 06:00:00,56122.25,Germany
2024-04-10 07:00:00,60930.75,Germany
2024-04-10 08:00:00,63654.25,Germany
2024-04-10 09:00:00,64363.25,Germany
2024-04-10 10:00:00,64533.75,Germany
2024-04-10 11:00:00,65356.0,Germany
2024-04-10 12:00:00,64500.25,Germany
2024-04-10 13:00:00,63206.5,Germany
2024-04-10 14:00:00,61086.0,Germany
2024-04-10 15:00:00,60004.75,Germany
2024-04-10 16:00:00,58626.75,Germany
2024-04-10 17:00:00,58686.25,Germany
2024-04-10 18:00:00,59261.5,Germany
2024-04-10 19:00:00,59734.0,Germany
2024-04-10 20:00:00,58672.25,Germany
2024-04-10 21:00:00,55688.25,Germany
2024-04-10 22:00:00,51873.75,Germany
2024-04-10 23:00:00,48212.5,Germany
2024-04-11 00:00:00,45106.5,Germany
2024-04-11 01:00:00,43993.75,Germany
2024-04-11 02:00:00,43994.25,Germany
2024-04-11 03:00:00,44616.0,Germany
2024-04-11 04:00:00,46021.5,Germany
2024-04-11 05:00:00,50337.0,Germany
2024-04-11 06:00:00,57211.5,Germany
2024-04-11 07:00:00,61706.0,Germany
2024-04-11 08:00:00,64685.0,Germany
2024-04-11 09:00:00,64991.5,Germany
2024-04-11 10:00:00,67257.75,Germany
2024-04-11 11:00:00,66252.0,Germany
2024-04-11 12:00:00,64268.5,Germany
2024-04-11 13:00:00,62534.75,Germany
2024-04-11 14:00:00,61653.5,Germany
2024-04-11 15:00:00,59393.5,Germany
2024-04-11 16:00:00,58482.0,Germany
2024-04-11 17:00:00,58949.25,Germany
2024-04-11 18:00:00,59713.5,Germany
2024-04-11 19:00:00,60125.5,Germany
2024-04-11 20:00:00,59746.75,Germany
2024-04-11 21:00:00,56789.5,Germany
2024-04-11 22:00:00,53097.0,Germany
2024-04-11 23:00:00,48982.25,Germany
2024-04-12 00:00:00,46372.0,Germany
2024-04-12 01:00:00,44886.0,Germany
2024-04-12 02:00:00,43448.0,Germany
2024-04-12 03:00:00,43807.0,Germany
2024-04-12 04:00:00,44765.0,Germany
2024-04-12 05:00:00,48373.75,Germany
2024-04-12 06:00:00,55234.5,Germany
2024-04-12 07:00:00,59697.0,Germany
2024-04-12 08:00:00,62546.75,Germany
2024-04-12 09:00:00,63592.0,Germany
2024-04-12 10:00:00,63995.5,Germany
2024-04-12 11:00:00,64633.5,Germany
2024-04-12 12:00:00,63317.5,Germany
2024-04-12 13:00:00,61284.75,Germany
2024-04-12 14:00:00,59681.25,Germany
2024-04-12 15:00:00,58563.0,Germany
2024-04-12 16:00:00,57026.5,Germany
2024-04-12 17:00:00,56738.75,Germany
2024-04-12 18:00:00,57617.25,Germany
2024-04-12 19:00:00,57504.75,Germany
2024-04-12 20:00:00,56729.5,Germany
2024-04-12 21:00:00,53863.0,Germany
2024-04-12 22:00:00,49971.5,Germany
2024-04-12 23:00:00,46540.25,Germany
2024-04-13 00:00:00,43708.0,Germany
2024-04-13 01:00:00,41802.25,Germany
2024-04-13 02:00:00,40283.25,Germany
2024-04-13 03:00:00,39731.5,Germany
2024-04-13 04:00:00,40453.75,Germany
2024-04-13 05:00:00,41540.5,Germany
2024-04-13 06:00:00,42978.5,Germany
2024-04-13 07:00:00,45412.0,Germany
2024-04-13 08:00:00,48456.0,Germany
2024-04-13 09:00:00,51568.25,Germany
2024-04-13 10:00:00,52183.0,Germany
2024-04-13 11:00:00,51758.25,Germany
2024-04-13 12:00:00,50512.25,Germany
2024-04-13 13:00:00,48284.75,Germany
2024-04-13 14:00:00,46639.25,Germany
2024-04-13 15:00:00,45418.0,Germany
2024-04-13 16:00:00,46079.75,Germany
2024-04-13 17:00:00,47490.5,Germany
2024-04-13 18:00:00,48920.25,Germany
2024-04-13 19:00:00,49026.75,Germany
2024-04-13 20:00:00,48349.5,Germany
2024-04-13 21:00:00,47433.25,Germany
2024-04-13 22:00:00,45193.75,Germany
2024-04-13 23:00:00,42445.75,Germany
2024-04-14 00:00:00,40279.75,Germany
2024-04-14 01:00:00,38667.0,Germany
2024-04-14 02:00:00,38572.0,Germany
2024-04-14 03:00:00,38035.0,Germany
2024-04-14 04:00:00,37909.0,Germany
2024-04-14 05:00:00,38683.0,Germany
2024-04-14 06:00:00,38436.0,Germany
2024-04-14 07:00:00,40368.25,Germany
2024-04-14 08:00:00,44401.0,Germany
2024-04-14 09:00:00,47935.25,Germany
2024-04-14 10:00:00,48190.25,Germany
2024-04-14 11:00:00,48688.5,Germany
2024-04-14 12:00:00,47411.0,Germany
2024-04-14 13:00:00,45406.25,Germany
2024-04-14 14:00:00,43647.75,Germany
2024-04-14 15:00:00,42902.25,Germany
2024-04-14 16:00:00,43145.0,Germany
2024-04-14 17:00:00,46259.5,Germany
2024-04-14 18:00:00,49241.75,Germany
2024-04-14 19:00:00,49748.5,Germany
2024-04-14 20:00:00,50015.0,Germany
2024-04-14 21:00:00,48379.0,Germany
2024-04-14 22:00:00,46722.0,Germany
2024-04-14 23:00:00,43581.0,Germany
2024-04-15 00:00:00,40809.5,Germany
2024-04-15 01:00:00,39395.25,Germany
2024-04-15 02:00:00,38758.0,Germany
2024-04-15 03:00:00,39097.0,Germany
2024-04-15 04:00:00,39945.25,Germany
2024-04-15 05:00:00,43772.5,Germany
2024-04-15 06:00:00,52083.5,Germany
2024-04-15 07:00:00,57200.75,Germany
2024-04-15 08:00:00,60605.25,Germany
2024-04-15 09:00:00,61321.5,Germany
2024-04-15 10:00:00,61465.0,Germany
2024-04-15 11:00:00,62022.0,Germany
2024-04-15 12:00:00,60588.25,Germany
2024-04-15 13:00:00,59679.0,Germany
2024-04-15 14:00:00,59604.25,Germany
2024-04-15 15:00:00,58575.75,Germany
2024-04-15 16:00:00,58350.25,Germany
2024-04-15 17:00:00,59688.0,Germany
2024-04-15 18:00:00,59957.0,Germany
2024-04-15 19:00:00,60182.0,Germany
2024-04-15 20:00:00,58795.0,Germany
2024-04-15 21:00:00,55329.75,Germany
2024-04-15 22:00:00,52488.75,Germany
2024-04-15 23:00:00,49192.25,Germany
2024-04-16 00:00:00,47607.5,Germany
2024-04-16 01:00:00,46580.75,Germany
2024-04-16 02:00:00,45318.5,Germany
2024-04-16 03:00:00,45112.25,Germany
2024-04-16 04:00:00,45790.0,Germany
2024-04-16 05:00:00,48863.5,Germany
2024-04-16 06:00:00,55660.5,Germany
2024-04-16 07:00:00,60308.0,Germany
2024-04-16 08:00:00,63497.75,Germany
2024-04-16 09:00:00,64376.75,Germany
2024-04-16 10:00:00,64514.5,Germany
2024-04-16 11:00:00,64407.0,Germany
2024-04-16 12:00:00,64195.0,Germany
2024-04-16 13:00:00,64636.75,Germany
2024-04-16 14:00:00,63347.25,Germany
2024-04-16 15:00:00,61548.0,Germany
2024-04-16 16:00:00,59932.25,Germany
2024-04-16 17:00:00,61266.0,Germany
2024-04-16 18:00:00,61576.5,Germany
2024-04-16 19:00:00,61649.5,Germany
2024-04-16 20:00:00,60164.0,Germany
2024-04-16 21:00:00,56713.75,Germany
2024-04-16 22:00:00,52550.0,Germany
2024-04-16 23:00:00,48849.5,Germany
2024-04-17 00:00:00,46211.25,Germany
2024-04-17 01:00:00,44800.5,Germany
2024-04-17 02:00:00,44011.75,Germany
2024-04-17 03:00:00,44600.5,Germany
2024-04-17 04:00:00,45861.75,Germany
2024-04-17 05:00:00,49061.75,Germany
2024-04-17 06:00:00,55560.0,Germany
2024-04-17 07:00:00,60309.0,Germany
2024-04-17 08:00:00,63199.75,Germany
2024-04-17 09:00:00,64140.75,Germany
2024-04-17 10:00:00,64487.0,Germany
2024-04-17 11:00:00,64896.25,Germany
2024-04-17 12:00:00,64081.25,Germany
2024-04-17 13:00:00,62266.25,Germany
2024-04-17 14:00:00,60407.5,Germany
2024-04-17 15:00:00,59326.75,Germany
2024-04-17 16:00:00,58483.25,Germany
2024-04-17 17:00:00,59200.5,Germany
2024-04-17 18:00:00,59623.0,Germany
2024-04-17 19:00:00,59950.25,Germany
2024-04-17 20:00:00,58757.75,Germany
2024-04-17 21:00:00,56054.75,Germany
2024-04-17 22:00:00,52574.75,Germany
2024-04-17 23:00:00,49201.25,Germany
2024-04-18 00:00:00,46601.25,Germany
2024-04-18 01:00:00,44846.0,Germany
2024-04-18 02:00:00,44261.75,Germany
2024-04-18 03:00:00,44795.5,Germany
2024-04-18 04:00:00,45620.0,Germany
2024-04-18 05:00:00,48837.5,Germany
2024-04-18 06:00:00,55819.5,Germany
2024-04-18 07:00:00,61053.0,Germany
2024-04-18 08:00:00,63591.75,Germany
2024-04-18 09:00:00,63916.75,Germany
2024-04-18 10:00:00,64576.25,Germany
2024-04-18 11:00:00,64474.5,Germany
2024-04-18 12:00:00,64493.5,Germany
2024-04-18 13:00:00,63447.75,Germany
2024-04-18 14:00:00,60944.75,Germany
2024-04-18 15:00:00,59813.25,Germany
2024-04-18 16:00:00,59259.0,Germany
2024-04-18 17:00:00,59660.5,Germany
2024-04-18 18:00:00,60084.75,Germany
2024-04-18 19:00:00,60079.25,Germany
2024-04-18 20:00:00,59029.5,Germany
2024-04-18 21:00:00,56322.75,Germany
2024-04-18 22:00:00,52458.25,Germany
2024-04-18 23:00:00,48126.5,Germany
2024-04-19 00:00:00,45399.0,Germany
2024-04-19 01:00:00,44397.25,Germany
2024-04-19 02:00:00,43658.75,Germany
2024-04-19 03:00:00,44388.25,Germany
2024-04-19 04:00:00,46072.75,Germany
2024-04-19 05:00:00,49311.5,Germany
2024-04-19 06:00:00,55945.0,Germany
2024-04-19 07:00:00,60929.0,Germany
2024-04-19 08:00:00,64058.0,Germany
2024-04-19 09:00:00,65638.25,Germany
2024-04-19 10:00:00,66599.75,Germany
2024-04-19 11:00:00,66747.75,Germany
2024-04-19 12:00:00,66191.5,Germany
2024-04-19 13:00:00,64380.0,Germany
2024-04-19 14:00:00,63075.25,Germany
2024-04-19 15:00:00,61153.75,Germany
2024-04-19 16:00:00,60786.25,Germany
2024-04-19 17:00:00,60614.5,Germany
2024-04-19 18:00:00,60712.5,Germany
2024-04-19 19:00:00,60103.5,Germany
2024-04-19 20:00:00,58287.75,Germany
2024-04-19 21:00:00,55765.5,Germany
2024-04-19 22:00:00,52804.5,Germany
2024-04-19 23:00:00,49370.5,Germany
2024-04-20 00:00:00,46715.0,Germany
2024-04-20 01:00:00,44647.5,Germany
2024-04-20 02:00:00,43472.25,Germany
2024-04-20 03:00:00,43352.75,Germany
2024-04-20 04:00:00,43158.75,Germany
2024-04-20 05:00:00,43516.75,Germany
2024-04-20 06:00:00,44461.25,Germany
2024-04-20 07:00:00,46212.75,Germany
2024-04-20 08:00:00,49515.75,Germany
2024-04-20 09:00:00,51527.0,Germany
2024-04-20 10:00:00,53122.75,Germany
2024-04-20 11:00:00,53778.0,Germany
2024-04-20 12:00:00,52590.0,Germany
2024-04-20 13:00:00,50770.5,Germany
2024-04-20 14:00:00,49171.75,Germany
2024-04-20 15:00:00,48841.75,Germany
2024-04-20 16:00:00,47974.75,Germany
2024-04-20 17:00:00,49328.75,Germany
2024-04-20 18:00:00,50383.0,Germany
2024-04-20 19:00:00,50799.0,Germany
2024-04-20 20:00:00,49905.75,Germany
2024-04-20 21:00:00,47716.25,Germany
2024-04-20 22:00:00,46070.0,Germany
2024-04-20 23:00:00,43644.25,Germany
2024-04-21 00:00:00,40902.25,Germany
2024-04-21 01:00:00,38872.5,Germany
2024-04-21 02:00:00,38234.75,Germany
2024-04-21 03:00:00,38513.0,Germany
2024-04-21 04:00:00,39016.5,Germany
2024-04-21 05:00:00,39474.25,Germany
2024-04-21 06:00:00,39204.5,Germany
2024-04-21 07:00:00,40548.5,Germany
2024-04-21 08:00:00,44048.25,Germany
2024-04-21 09:00:00,48362.75,Germany
2024-04-21 10:00:00,50596.75,Germany
2024-04-21 11:00:00,51959.75,Germany
2024-04-21 12:00:00,51790.25,Germany
2024-04-21 13:00:00,49667.75,Germany
2024-04-21 14:00:00,47772.5,Germany
2024-04-21 15:00:00,46695.0,Germany
2024-04-21 16:00:00,46365.25,Germany
2024-04-21 17:00:00,47552.0,Germany
2024-04-21 18:00:00,48802.75,Germany
2024-04-21 19:00:00,49032.5,Germany
2024-04-21 20:00:00,49197.25,Germany
2024-04-21 21:00:00,49198.25,Germany
2024-04-21 22:00:00,48402.5,Germany
2024-04-21 23:00:00,45989.0,Germany
2024-04-22 00:00:00,44173.75,Germany
2024-04-22 01:00:00,42587.75,Germany
2024-04-22 02:00:00,42013.25,Germany
2024-04-22 03:00:00,42474.5,Germany
2024-04-22 04:00:00,43864.0,Germany
2024-04-22 05:00:00,47425.0,Germany
2024-04-22 06:00:00,54883.0,Germany
2024-04-22 07:00:00,60001.0,Germany
2024-04-22 08:00:00,63121.0,Germany
2024-04-22 09:00:00,63853.0,Germany
2024-04-22 10:00:00,64254.5,Germany
2024-04-22 11:00:00,63873.5,Germany
2024-04-22 12:00:00,63315.0,Germany
2024-04-22 13:00:00,62027.25,Germany
2024-04-22 14:00:00,60315.75,Germany
2024-04-22 15:00:00,59545.0,Germany
2024-04-22 16:00:00,58092.5,Germany
2024-04-22 17:00:00,58691.5,Germany
2024-04-22 18:00:00,59071.25,Germany
2024-04-22 19:00:00,59373.5,Germany
2024-04-22 20:00:00,58496.25,Germany
2024-04-22 21:00:00,56385.0,Germany
2024-04-22 22:00:00,52880.25,Germany
2024-04-22 23:00:00,49219.25,Germany
2024-04-23 00:00:00,46935.0,Germany
2024-04-23 01:00:00,45750.75,Germany
2024-04-23 02:00:00,45429.0,Germany
2024-04-23 03:00:00,45952.75,Germany
2024-04-23 04:00:00,47360.75,Germany
2024-04-23 05:00:00,50803.75,Germany
2024-04-23 06:00:00,56939.75,Germany
2024-04-23 07:00:00,61421.5,Germany
2024-04-23 08:00:00,63908.25,Germany
2024-04-23 09:00:00,64171.75,Germany
2024-04-23 10:00:00,63213.5,Germany
2024-04-23 11:00:00,62913.25,Germany
2024-04-23 12:00:00,62639.5,Germany
2024-04-23 13:00:00,62277.5,Germany
2024-04-23 14:00:00,60959.75,Germany
2024-04-23 15:00:00,60359.0,Germany
2024-04-23 16:00:00,59262.25,Germany
2024-04-23 17:00:00,59750.75,Germany
2024-04-23 18:00:00,61256.5,Germany
2024-04-23 19:00:00,60930.5,Germany
2024-04-23 20:00:00,59346.25,Germany
2024-04-23 21:00:00,57255.75,Germany
2024-04-23 22:00:00,53647.5,Germany
2024-04-23 23:00:00,50453.5,Germany
2024-04-24 00:00:00,47481.5,Germany
2024-04-24 01:00:00,46698.25,Germany
2024-04-24 02:00:00,45749.75,Germany
2024-04-24 03:00:00,46324.75,Germany
2024-04-24 04:00:00,47443.5,Germany
2024-04-24 05:00:00,50391.5,Germany
2024-04-24 06:00:00,57038.0,Germany
2024-04-24 07:00:00,61384.0,Germany
2024-04-24 08:00:00,63917.75,Germany
2024-04-24 09:00:00,64964.5,Germany
2024-04-24 10:00:00,65458.75,Germany
2024-04-24 11:00:00,65671.75,Germany
2024-04-24 12:00:00,64145.25,Germany
2024-04-24 13:00:00,63078.25,Germany
2024-04-24 14:00:00,62152.0,Germany
2024-04-24 15:00:00,61574.0,Germany
2024-04-24 16:00:00,60473.5,Germany
2024-04-24 17:00:00,60304.5,Germany
2024-04-24 18:00:00,60515.0,Germany
2024-04-24 19:00:00,60234.75,Germany
2024-04-24 20:00:00,59073.75,Germany
2024-04-24 21:00:00,57050.25,Germany
2024-04-24 22:00:00,53528.0,Germany
2024-04-24 23:00:00,49966.5,Germany
2024-04-25 00:00:00,46979.5,Germany
2024-04-25 01:00:00,45541.75,Germany
2024-04-25 02:00:00,45077.5,Germany
2024-04-25 03:00:00,45782.75,Germany
2024-04-25 04:00:00,46739.75,Germany
2024-04-25 05:00:00,49719.75,Germany
2024-04-25 06:00:00,56234.5,Germany
2024-04-25 07:00:00,61023.75,Germany
2024-04-25 08:00:00,63717.75,Germany
2024-04-25 09:00:00,64186.75,Germany
2024-04-25 10:00:00,64756.5,Germany
2024-04-25 11:00:00,65778.0,Germany
2024-04-25 12:00:00,65034.0,Germany
2024-04-25 13:00:00,63641.25,Germany
2024-04-25 14:00:00,61835.25,Germany
2024-04-25 15:00:00,60122.25,Germany
2024-04-25 16:00:00,58257.25,Germany
2024-04-25 17:00:00,58705.0,Germany
2024-04-25 18:00:00,59521.75,Germany
2024-04-25 19:00:00,59785.25,Germany
2024-04-25 20:00:00,58190.5,Germany
2024-04-25 21:00:00,56165.25,Germany
2024-04-25 22:00:00,53138.75,Germany
2024-04-25 23:00:00,49471.0,Germany
2024-04-26 00:00:00,46897.5,Germany
2024-04-26 01:00:00,45252.25,Germany
2024-04-26 02:00:00,44732.75,Germany
2024-04-26 03:00:00,45105.75,Germany
2024-04-26 04:00:00,46455.5,Germany
2024-04-26 05:00:00,49603.75,Germany
2024-04-26 06:00:00,55919.5,Germany
2024-04-26 07:00:00,60376.5,Germany
2024-04-26 08:00:00,63313.75,Germany
2024-04-26 09:00:00,64248.0,Germany
2024-04-26 10:00:00,63081.0,Germany
2024-04-26 11:00:00,62530.0,Germany
2024-04-26 12:00:00,61786.5,Germany
2024-04-26 13:00:00,60427.5,Germany
2024-04-26 14:00:00,58718.5,Germany
2024-04-26 15:00:00,57846.25,Germany
2024-04-26 16:00:00,57102.0,Germany
2024-04-26 17:00:00,56839.0,Germany
2024-04-26 18:00:00,56904.75,Germany
2024-04-26 19:00:00,56281.75,Germany
2024-04-26 20:00:00,55094.5,Germany
2024-04-26 21:00:00,52961.5,Germany
2024-04-26 22:00:00,49691.75,Germany
2024-04-26 23:00:00,46304.75,Germany
2024-04-27 00:00:00,43466.25,Germany
2024-04-27 01:00:00,41601.0,Germany
2024-04-27 02:00:00,40510.0,Germany
2024-04-27 03:00:00,40012.75,Germany
2024-04-27 04:00:00,40331.75,Germany
2024-04-27 05:00:00,40826.5,Germany
2024-04-27 06:00:00,42055.25,Germany
2024-04-27 07:00:00,44749.0,Germany
2024-04-27 08:00:00,47835.5,Germany
2024-04-27 09:00:00,50201.0,Germany
2024-04-27 10:00:00,50833.5,Germany
2024-04-27 11:00:00,50924.25,Germany
2024-04-27 12:00:00,50066.5,Germany
2024-04-27 13:00:00,48908.25,Germany
2024-04-27 14:00:00,46793.0,Germany
2024-04-27 15:00:00,46127.5,Germany
2024-04-27 16:00:00,46018.0,Germany
2024-04-27 17:00:00,47895.0,Germany
2024-04-27 18:00:00,48929.0,Germany
2024-04-27 19:00:00,49037.75,Germany
2024-04-27 20:00:00,48646.5,Germany
2024-04-27 21:00:00,48264.75,Germany
2024-04-27 22:00:00,46418.75,Germany
2024-04-27 23:00:00,43617.25,Germany
2024-04-28 00:00:00,39755.75,Germany
2024-04-28 01:00:00,39005.25,Germany
2024-04-28 02:00:00,37707.5,Germany
2024-04-28 03:00:00,35989.75,Germany
2024-04-28 04:00:00,36572.5,Germany
2024-04-28 05:00:00,37112.5,Germany
2024-04-28 06:00:00,37712.0,Germany
2024-04-28 07:00:00,40235.75,Germany
2024-04-28 08:00:00,43372.0,Germany
2024-04-28 09:00:00,46601.0,Germany
2024-04-28 10:00:00,47948.25,Germany
2024-04-28 11:00:00,49212.75,Germany
2024-04-28 12:00:00,49456.75,Germany
2024-04-28 13:00:00,46785.25,Germany
2024-04-28 14:00:00,45391.25,Germany
2024-04-28 15:00:00,45413.25,Germany
2024-04-28 16:00:00,44627.0,Germany
2024-04-28 17:00:00,46121.5,Germany
2024-04-28 18:00:00,48525.75,Germany
2024-04-28 19:00:00,48655.5,Germany
2024-04-28 20:00:00,48876.75,Germany
2024-04-28 21:00:00,48584.25,Germany
2024-04-28 22:00:00,47294.75,Germany
2024-04-28 23:00:00,44079.75,Germany
2024-04-29 00:00:00,41436.25,Germany
2024-04-29 01:00:00,39825.0,Germany
2024-04-29 02:00:00,39063.75,Germany
2024-04-29 03:00:00,39567.5,Germany
2024-04-29 04:00:00,41289.75,Germany
2024-04-29 05:00:00,45183.75,Germany
2024-04-29 06:00:00,52599.0,Germany
2024-04-29 07:00:00,57554.25,Germany
2024-04-29 08:00:00,60467.0,Germany
2024-04-29 09:00:00,60526.0,Germany
2024-04-29 10:00:00,59712.25,Germany
2024-04-29 11:00:00,58890.0,Germany
2024-04-29 12:00:00,57677.0,Germany
2024-04-29 13:00:00,56757.75,Germany
2024-04-29 14:00:00,55453.5,Germany
2024-04-29 15:00:00,55135.75,Germany
2024-04-29 16:00:00,54524.25,Germany
2024-04-29 17:00:00,55079.5,Germany
2024-04-29 18:00:00,55939.25,Germany
2024-04-29 19:00:00,56344.75,Germany
2024-04-29 20:00:00,55487.0,Germany
2024-04-29 21:00:00,53968.75,Germany
2024-04-29 22:00:00,50593.5,Germany
2024-04-29 23:00:00,46692.75,Germany
2024-04-30 00:00:00,43765.75,Germany
2024-04-30 01:00:00,42185.5,Germany
2024-04-30 02:00:00,41585.75,Germany
2024-04-30 03:00:00,42015.0,Germany
2024-04-30 04:00:00,43595.25,Germany
2024-04-30 05:00:00,47199.75,Germany
2024-04-30 06:00:00,53837.5,Germany
2024-04-30 07:00:00,58433.5,Germany
2024-04-30 08:00:00,61281.0,Germany
2024-04-30 09:00:00,60314.0,Germany
2024-04-30 10:00:00,59055.75,Germany
2024-04-30 11:00:00,59162.5,Germany
2024-04-30 12:00:00,58341.0,Germany
2024-04-30 13:00:00,57438.25,Germany
2024-04-30 14:00:00,56047.75,Germany
2024-04-30 15:00:00,55281.75,Germany
2024-04-30 16:00:00,54705.25,Germany
2024-04-30 17:00:00,56093.5,Germany
2024-04-30 18:00:00,56126.25,Germany
2024-04-30 19:00:00,56117.25,Germany
2024-04-30 20:00:00,54659.25,Germany
2024-04-30 21:00:00,53322.5,Germany
2024-04-30 22:00:00,49583.5,Germany
2024-04-30 23:00:00,45796.0,Germany
2024-05-01 00:00:00,39889.25,Germany
2024-05-01 01:00:00,37327.5,Germany
2024-05-01 02:00:00,35866.0,Germany
2024-05-01 03:00:00,35312.75,Germany
2024-05-01 04:00:00,35052.5,Germany
2024-05-01 05:00:00,34752.5,Germany
2024-05-01 06:00:00,34688.25,Germany
2024-05-01 07:00:00,37753.75,Germany
2024-05-01 08:00:00,41224.25,Germany
2024-05-01 09:00:00,44281.75,Germany
2024-05-01 10:00:00,44408.75,Germany
2024-05-01 11:00:00,44784.75,Germany
2024-05-01 12:00:00,43362.0,Germany
2024-05-01 13:00:00,41513.25,Germany
2024-05-01 14:00:00,40227.0,Germany
2024-05-01 15:00:00,40074.0,Germany
2024-05-01 16:00:00,40875.75,Germany
2024-05-01 17:00:00,42945.25,Germany
2024-05-01 18:00:00,44934.75,Germany
2024-05-01 19:00:00,44859.0,Germany
2024-05-01 20:00:00,45129.5,Germany
2024-05-01 21:00:00,44920.75,Germany
2024-05-01 22:00:00,43175.75,Germany
2024-05-01 23:00:00,40289.5,Germany
2024-05-02 00:00:00,39533.5,Germany
2024-05-02 01:00:00,38189.25,Germany
2024-05-02 02:00:00,37472.5,Germany
2024-05-02 03:00:00,37758.75,Germany
2024-05-02 04:00:00,39257.0,Germany
2024-05-02 05:00:00,42901.0,Germany
2024-05-02 06:00:00,50603.25,Germany
2024-05-02 07:00:00,55738.5,Germany
2024-05-02 08:00:00,58927.5,Germany
2024-05-02 09:00:00,60174.25,Germany
2024-05-02 10:00:00,61204.5,Germany
2024-05-02 11:00:00,60562.75,Germany
2024-05-02 12:00:00,59064.75,Germany
2024-05-02 13:00:00,57840.25,Germany
2024-05-02 14:00:00,57107.0,Germany
2024-05-02 15:00:00,56341.5,Germany
2024-05-02 16:00:00,56730.75,Germany
2024-05-02 17:00:00,57594.0,Germany
2024-05-02 18:00:00,58299.25,Germany
2024-05-02 19:00:00,57905.0,Germany
2024-05-02 20:00:00,55456.0,Germany
2024-05-02 21:00:00,53742.75,Germany
2024-05-02 22:00:00,49815.0,Germany
2024-05-02 23:00:00,46070.25,Germany
2024-05-03 00:00:00,44695.0,Germany
2024-05-03 01:00:00,43734.0,Germany
2024-05-03 02:00:00,42291.0,Germany
2024-05-03 03:00:00,42375.5,Germany
2024-05-03 04:00:00,43473.25,Germany
2024-05-03 05:00:00,46054.0,Germany
2024-05-03 06:00:00,52193.25,Germany
2024-05-03 07:00:00,57144.25,Germany
2024-05-03 08:00:00,60253.0,Germany
2024-05-03 09:00:00,61447.25,Germany
2024-05-03 10:00:00,62195.25,Germany
2024-05-03 11:00:00,62924.0,Germany
2024-05-03 12:00:00,62936.75,Germany
2024-05-03 13:00:00,61441.5,Germany
2024-05-03 14:00:00,59067.5,Germany
2024-05-03 15:00:00,58165.25,Germany
2024-05-03 16:00:00,57306.0,Germany
2024-05-03 17:00:00,57366.0,Germany
2024-05-03 18:00:00,57322.25,Germany
2024-05-03 19:00:00,56179.0,Germany
2024-05-03 20:00:00,54001.5,Germany
2024-05-03 21:00:00,51722.75,Germany
2024-05-03 22:00:00,48327.25,Germany
2024-05-03 23:00:00,44938.75,Germany
2024-05-04 00:00:00,42154.5,Germany
2024-05-04 01:00:00,40311.5,Germany
2024-05-04 02:00:00,38649.75,Germany
2024-05-04 03:00:00,38685.75,Germany
2024-05-04 04:00:00,39019.0,Germany
2024-05-04 05:00:00,39653.25,Germany
2024-05-04 06:00:00,40834.25,Germany
2024-05-04 07:00:00,43704.0,Germany
2024-05-04 08:00:00,46825.0,Germany
2024-05-04 09:00:00,49292.75,Germany
2024-05-04 10:00:00,50006.0,Germany
2024-05-04 11:00:00,50240.0,Germany
2024-05-04 12:00:00,50263.25,Germany
2024-05-04 13:00:00,48624.0,Germany
2024-05-04 14:00:00,46824.0,Germany
2024-05-04 15:00:00,46535.25,Germany
2024-05-04 16:00:00,45984.25,Germany
2024-05-04 17:00:00,46897.0,Germany
2024-05-04 18:00:00,48659.5,Germany
2024-05-04 19:00:00,48489.0,Germany
2024-05-04 20:00:00,46967.75,Germany
2024-05-04 21:00:00,45594.75,Germany
2024-05-04 22:00:00,43769.25,Germany
2024-05-04 23:00:00,41421.75,Germany
2024-05-05 00:00:00,38732.25,Germany
2024-05-05 01:00:00,36377.25,Germany
2024-05-05 02:00:00,35110.25,Germany
2024-05-05 03:00:00,34807.75,Germany
2024-05-05 04:00:00,34929.0,Germany
2024-05-05 05:00:00,35308.5,Germany
2024-05-05 06:00:00,36341.25,Germany
2024-05-05 07:00:00,38765.75,Germany
2024-05-05 08:00:00,42489.0,Germany
2024-05-05 09:00:00,45474.5,Germany
2024-05-05 10:00:00,47272.75,Germany
2024-05-05 11:00:00,49836.5,Germany
2024-05-05 12:00:00,50053.5,Germany
2024-05-05 13:00:00,47331.5,Germany
2024-05-05 14:00:00,44963.25,Germany
2024-05-05 15:00:00,44018.25,Germany
2024-05-05 16:00:00,44534.25,Germany
2024-05-05 17:00:00,46047.0,Germany
2024-05-05 18:00:00,47798.5,Germany
2024-05-05 19:00:00,48325.75,Germany
2024-05-05 20:00:00,47601.75,Germany
2024-05-05 21:00:00,47079.75,Germany
2024-05-05 22:00:00,45562.0,Germany
2024-05-05 23:00:00,42772.5,Germany
2024-05-06 00:00:00,40504.25,Germany
2024-05-06 01:00:00,39771.25,Germany
2024-05-06 02:00:00,39310.75,Germany
2024-05-06 03:00:00,39475.0,Germany
2024-05-06 04:00:00,40830.25,Germany
2024-05-06 05:00:00,44374.25,Germany
2024-05-06 06:00:00,51871.0,Germany
2024-05-06 07:00:00,57234.0,Germany
2024-05-06 08:00:00,61031.25,Germany
2024-05-06 09:00:00,61920.25,Germany
2024-05-06 10:00:00,61754.5,Germany
2024-05-06 11:00:00,62676.75,Germany
2024-05-06 12:00:00,62490.0,Germany
2024-05-06 13:00:00,61846.75,Germany
2024-05-06 14:00:00,60967.5,Germany
2024-05-06 15:00:00,59908.5,Germany
2024-05-06 16:00:00,58587.5,Germany
2024-05-06 17:00:00,58317.5,Germany
2024-05-06 18:00:00,58302.5,Germany
2024-05-06 19:00:00,57662.5,Germany
2024-05-06 20:00:00,56400.5,Germany
2024-05-06 21:00:00,54797.0,Germany
2024-05-06 22:00:00,51761.25,Germany
2024-05-06 23:00:00,47789.25,Germany
2024-05-07 00:00:00,44950.75,Germany
2024-05-07 01:00:00,44111.25,Germany
2024-05-07 02:00:00,43177.5,Germany
2024-05-07 03:00:00,43011.75,Germany
2024-05-07 04:00:00,43623.25,Germany
2024-05-07 05:00:00,46978.25,Germany
2024-05-07 06:00:00,54061.0,Germany
2024-05-07 07:00:00,58998.75,Germany
2024-05-07 08:00:00,61913.0,Germany
2024-05-07 09:00:00,62422.75,Germany
2024-05-07 10:00:00,62802.5,Germany
2024-05-07 11:00:00,63176.75,Germany
2024-05-07 12:00:00,62407.25,Germany
2024-05-07 13:00:00,61805.25,Germany
2024-05-07 14:00:00,60508.0,Germany
2024-05-07 15:00:00,59537.5,Germany
2024-05-07 16:00:00,58802.0,Germany
2024-05-07 17:00:00,58841.0,Germany
2024-05-07 18:00:00,58509.75,Germany
2024-05-07 19:00:00,58016.5,Germany
2024-05-07 20:00:00,56283.75,Germany
2024-05-07 21:00:00,54473.0,Germany
2024-05-07 22:00:00,51148.0,Germany
2024-05-07 23:00:00,47330.25,Germany
2024-05-08 00:00:00,44338.75,Germany
2024-05-08 01:00:00,42770.5,Germany
2024-05-08 02:00:00,42152.25,Germany
2024-05-08 03:00:00,42488.25,Germany
2024-05-08 04:00:00,43288.5,Germany
2024-05-08 05:00:00,46341.75,Germany
2024-05-08 06:00:00,52941.25,Germany
2024-05-08 07:00:00,58039.25,Germany
2024-05-08 08:00:00,61251.75,Germany
2024-05-08 09:00:00,61724.75,Germany
2024-05-08 10:00:00,61563.25,Germany
2024-05-08 11:00:00,61596.25,Germany
2024-05-08 12:00:00,60905.0,Germany
2024-05-08 13:00:00,59633.75,Germany
2024-05-08 14:00:00,58302.0,Germany
2024-05-08 15:00:00,57226.75,Germany
2024-05-08 16:00:00,55639.0,Germany
2024-05-08 17:00:00,56009.75,Germany
2024-05-08 18:00:00,55768.0,Germany
2024-05-08 19:00:00,55697.25,Germany
2024-05-08 20:00:00,54066.25,Germany
2024-05-08 21:00:00,52479.0,Germany
2024-05-08 22:00:00,48987.75,Germany
2024-05-08 23:00:00,45533.25,Germany
2024-05-09 00:00:00,42018.25,Germany
2024-05-09 01:00:00,40072.25,Germany
2024-05-09 02:00:00,38726.5,Germany
2024-05-09 03:00:00,38445.25,Germany
2024-05-09 04:00:00,38700.0,Germany
2024-05-09 05:00:00,38443.25,Germany
2024-05-09 06:00:00,38464.0,Germany
2024-05-09 07:00:00,40220.75,Germany
2024-05-09 08:00:00,43608.5,Germany
2024-05-09 09:00:00,45838.5,Germany
2024-05-09 10:00:00,46749.75,Germany
2024-05-09 11:00:00,46407.0,Germany
2024-05-09 12:00:00,45699.0,Germany
2024-05-09 13:00:00,43149.75,Germany
2024-05-09 14:00:00,41484.75,Germany
2024-05-09 15:00:00,41023.5,Germany
2024-05-09 16:00:00,41433.25,Germany
2024-05-09 17:00:00,42498.25,Germany
2024-05-09 18:00:00,44547.25,Germany
2024-05-09 19:00:00,44892.0,Germany
2024-05-09 20:00:00,44876.25,Germany
2024-05-09 21:00:00,45222.0,Germany
2024-05-09 22:00:00,43474.25,Germany
2024-05-09 23:00:00,40769.25,Germany
2024-05-10 00:00:00,38402.25,Germany
2024-05-10 01:00:00,36891.5,Germany
2024-05-10 02:00:00,36289.0,Germany
2024-05-10 03:00:00,36395.0,Germany
2024-05-10 04:00:00,37578.75,Germany
2024-05-10 05:00:00,40031.0,Germany
2024-05-10 06:00:00,44165.25,Germany
2024-05-10 07:00:00,48158.75,Germany
2024-05-10 08:00:00,49729.25,Germany
2024-05-10 09:00:00,50142.25,Germany
2024-05-10 10:00:00,50980.75,Germany
2024-05-10 11:00:00,50904.0,Germany
2024-05-10 12:00:00,51406.0,Germany
2024-05-10 13:00:00,50328.5,Germany
2024-05-10 14:00:00,48699.75,Germany
2024-05-10 15:00:00,47840.5,Germany
2024-05-10 16:00:00,47854.75,Germany
2024-05-10 17:00:00,48868.0,Germany
2024-05-10 18:00:00,49772.25,Germany
2024-05-10 19:00:00,49628.5,Germany
2024-05-10 20:00:00,48542.0,Germany
2024-05-10 21:00:00,47840.25,Germany
2024-05-10 22:00:00,45258.5,Germany
2024-05-10 23:00:00,42050.75,Germany
2024-05-11 00:00:00,39449.75,Germany
2024-05-11 01:00:00,37753.25,Germany
2024-05-11 02:00:00,36637.5,Germany
2024-05-11 03:00:00,36235.75,Germany
2024-05-11 04:00:00,36257.5,Germany
2024-05-11 05:00:00,37276.5,Germany
2024-05-11 06:00:00,38898.25,Germany
2024-05-11 07:00:00,41449.5,Germany
2024-05-11 08:00:00,44531.75,Germany
2024-05-11 09:00:00,46917.25,Germany
2024-05-11 10:00:00,47428.25,Germany
2024-05-11 11:00:00,47351.0,Germany
2024-05-11 12:00:00,46419.75,Germany
2024-05-11 13:00:00,44917.75,Germany
2024-05-11 14:00:00,43642.5,Germany
2024-05-11 15:00:00,43030.25,Germany
2024-05-11 16:00:00,43144.75,Germany
2024-05-11 17:00:00,44011.75,Germany
2024-05-11 18:00:00,45245.5,Germany
2024-05-11 19:00:00,45732.0,Germany
2024-05-11 20:00:00,45252.75,Germany
2024-05-11 21:00:00,44187.0,Germany
2024-05-11 22:00:00,42181.75,Germany
2024-05-11 23:00:00,38934.75,Germany
2024-05-12 00:00:00,36659.25,Germany
2024-05-12 01:00:00,35250.75,Germany
2024-05-12 02:00:00,33865.5,Germany
2024-05-12 03:00:00,33532.0,Germany
2024-05-12 04:00:00,33942.75,Germany
2024-05-12 05:00:00,34150.75,Germany
2024-05-12 06:00:00,35022.0,Germany
2024-05-12 07:00:00,37537.5,Germany
2024-05-12 08:00:00,41127.5,Germany
2024-05-12 09:00:00,43294.75,Germany
2024-05-12 10:00:00,44300.5,Germany
2024-05-12 11:00:00,44985.25,Germany
2024-05-12 12:00:00,44317.0,Germany
2024-05-12 13:00:00,42343.0,Germany
2024-05-12 14:00:00,41101.0,Germany
2024-05-12 15:00:00,40175.5,Germany
2024-05-12 16:00:00,40549.75,Germany
2024-05-12 17:00:00,42179.25,Germany
2024-05-12 18:00:00,44595.5,Germany
2024-05-12 19:00:00,45504.5,Germany
2024-05-12 20:00:00,45320.75,Germany
2024-05-12 21:00:00,45851.25,Germany
2024-05-12 22:00:00,45143.0,Germany
2024-05-12 23:00:00,42378.25,Germany
2024-05-13 00:00:00,40541.5,Germany
2024-05-13 01:00:00,39573.25,Germany
2024-05-13 02:00:00,39292.75,Germany
2024-05-13 03:00:00,39460.0,Germany
2024-05-13 04:00:00,40953.5,Germany
2024-05-13 05:00:00,43616.25,Germany
2024-05-13 06:00:00,49532.0,Germany
2024-05-13 07:00:00,55552.5,Germany
2024-05-13 08:00:00,58875.0,Germany
2024-05-13 09:00:00,59065.5,Germany
2024-05-13 10:00:00,59431.25,Germany
2024-05-13 11:00:00,59736.0,Germany
2024-05-13 12:00:00,58593.25,Germany
2024-05-13 13:00:00,58273.0,Germany
2024-05-13 14:00:00,57611.75,Germany
2024-05-13 15:00:00,56873.25,Germany
2024-05-13 16:00:00,56561.75,Germany
2024-05-13 17:00:00,56935.75,Germany
2024-05-13 18:00:00,57956.75,Germany
2024-05-13 19:00:00,58476.25,Germany
2024-05-13 20:00:00,56789.25,Germany
2024-05-13 21:00:00,56102.0,Germany
2024-05-13 22:00:00,52476.0,Germany
2024-05-13 23:00:00,47749.0,Germany
2024-05-14 00:00:00,44976.0,Germany
2024-05-14 01:00:00,43388.25,Germany
2024-05-14 02:00:00,42367.25,Germany
2024-05-14 03:00:00,42279.25,Germany
2024-05-14 04:00:00,43204.25,Germany
2024-05-14 05:00:00,45977.75,Germany
2024-05-14 06:00:00,52667.5,Germany
2024-05-14 07:00:00,57733.25,Germany
2024-05-14 08:00:00,60405.5,Germany
2024-05-14 09:00:00,60238.25,Germany
2024-05-14 10:00:00,59909.5,Germany
2024-05-14 11:00:00,59817.25,Germany
2024-05-14 12:00:00,59618.5,Germany
2024-05-14 13:00:00,58791.25,Germany
2024-05-14 14:00:00,57458.75,Germany
2024-05-14 15:00:00,57130.75,Germany
2024-05-14 16:00:00,56946.75,Germany
2024-05-14 17:00:00,57063.0,Germany
2024-05-14 18:00:00,58458.25,Germany
2024-05-14 19:00:00,58844.25,Germany
2024-05-14 20:00:00,57376.0,Germany
2024-05-14 21:00:00,56724.5,Germany
2024-05-14 22:00:00,53289.25,Germany
2024-05-14 23:00:00,48986.0,Germany
2024-05-15 00:00:00,45033.75,Germany
2024-05-15 01:00:00,43477.75,Germany
2024-05-15 02:00:00,41633.5,Germany
2024-05-15 03:00:00,41278.5,Germany
2024-05-15 04:00:00,42217.5,Germany
2024-05-15 05:00:00,44812.0,Germany
2024-05-15 06:00:00,51572.75,Germany
2024-05-15 07:00:00,56163.0,Germany
2024-05-15 08:00:00,58927.25,Germany
2024-05-15 09:00:00,59690.0,Germany
2024-05-15 10:00:00,58967.5,Germany
2024-05-15 11:00:00,60922.25,Germany
2024-05-15 12:00:00,59489.25,Germany
2024-05-15 13:00:00,59580.0,Germany
2024-05-15 14:00:00,58143.0,Germany
2024-05-15 15:00:00,58074.5,Germany
2024-05-15 16:00:00,57271.25,Germany
2024-05-15 17:00:00,58462.75,Germany
2024-05-15 18:00:00,59640.75,Germany
2024-05-15 19:00:00,59074.0,Germany
2024-05-15 20:00:00,57164.5,Germany
2024-05-15 21:00:00,56288.25,Germany
2024-05-15 22:00:00,51602.25,Germany
2024-05-15 23:00:00,47559.5,Germany
2024-05-16 00:00:00,44946.5,Germany
2024-05-16 01:00:00,44190.25,Germany
2024-05-16 02:00:00,43032.0,Germany
2024-05-16 03:00:00,42849.5,Germany
2024-05-16 04:00:00,43485.0,Germany
2024-05-16 05:00:00,45837.0,Germany
2024-05-16 06:00:00,52583.75,Germany
2024-05-16 07:00:00,57348.5,Germany
2024-05-16 08:00:00,60174.25,Germany
2024-05-16 09:00:00,60297.75,Germany
2024-05-16 10:00:00,60968.0,Germany
2024-05-16 11:00:00,61674.5,Germany
2024-05-16 12:00:00,61633.75,Germany
2024-05-16 13:00:00,61020.0,Germany
2024-05-16 14:00:00,59337.75,Germany
2024-05-16 15:00:00,58357.0,Germany
2024-05-16 16:00:00,58666.75,Germany
2024-05-16 17:00:00,59465.75,Germany
2024-05-16 18:00:00,60503.75,Germany
2024-05-16 19:00:00,59552.75,Germany
2024-05-16 20:00:00,57562.25,Germany
2024-05-16 21:00:00,55823.0,Germany
2024-05-16 22:00:00,52110.0,Germany
2024-05-16 23:00:00,48668.25,Germany
2024-05-17 00:00:00,44015.75,Germany
2024-05-17 01:00:00,43055.25,Germany
2024-05-17 02:00:00,42771.5,Germany
2024-05-17 03:00:00,42472.25,Germany
2024-05-17 04:00:00,42943.75,Germany
2024-05-17 05:00:00,45281.75,Germany
2024-05-17 06:00:00,52044.25,Germany
2024-05-17 07:00:00,57222.75,Germany
2024-05-17 08:00:00,60608.5,Germany
2024-05-17 09:00:00,60643.0,Germany
2024-05-17 10:00:00,61698.25,Germany
2024-05-17 11:00:00,62764.25,Germany
2024-05-17 12:00:00,62367.5,Germany
2024-05-17 13:00:00,61052.0,Germany
2024-05-17 14:00:00,59290.75,Germany
2024-05-17 15:00:00,58042.5,Germany
2024-05-17 16:00:00,56479.5,Germany
2024-05-17 17:00:00,56471.75,Germany
2024-05-17 18:00:00,57007.5,Germany
2024-05-17 19:00:00,56009.0,Germany
2024-05-17 20:00:00,53172.5,Germany
2024-05-17 21:00:00,50966.0,Germany
2024-05-17 22:00:00,47821.0,Germany
2024-05-17 23:00:00,44406.25,Germany
2024-05-18 00:00:00,42707.5,Germany
2024-05-18 01:00:00,40491.0,Germany
2024-05-18 02:00:00,38999.25,Germany
2024-05-18 03:00:00,38848.75,Germany
2024-05-18 04:00:00,39120.5,Germany
2024-05-18 05:00:00,39397.0,Germany
2024-05-18 06:00:00,40448.5,Germany
2024-05-18 07:00:00,43506.5,Germany
2024-05-18 08:00:00,46806.25,Germany
2024-05-18 09:00:00,49057.5,Germany
2024-05-18 10:00:00,50496.5,Germany
2024-05-18 11:00:00,50888.25,Germany
2024-05-18 12:00:00,49970.75,Germany
2024-05-18 13:00:00,48334.75,Germany
2024-05-18 14:00:00,46891.5,Germany
2024-05-18 15:00:00,46642.25,Germany
2024-05-18 16:00:00,46327.75,Germany
2024-05-18 17:00:00,47196.5,Germany
2024-05-18 18:00:00,47625.25,Germany
2024-05-18 19:00:00,47187.5,Germany
2024-05-18 20:00:00,45456.0,Germany
2024-05-18 21:00:00,44531.5,Germany
2024-05-18 22:00:00,42885.25,Germany
2024-05-18 23:00:00,39945.0,Germany
2024-05-19 00:00:00,37528.5,Germany
2024-05-19 01:00:00,35699.0,Germany
2024-05-19 02:00:00,34671.0,Germany
2024-05-19 03:00:00,34068.75,Germany
2024-05-19 04:00:00,33740.75,Germany
2024-05-19 05:00:00,33563.0,Germany
2024-05-19 06:00:00,34318.75,Germany
2024-05-19 07:00:00,36589.75,Germany
2024-05-19 08:00:00,40140.75,Germany
2024-05-19 09:00:00,42976.75,Germany
2024-05-19 10:00:00,44162.75,Germany
2024-05-19 11:00:00,45420.5,Germany
2024-05-19 12:00:00,45023.5,Germany
2024-05-19 13:00:00,43077.0,Germany
2024-05-19 14:00:00,41517.5,Germany
2024-05-19 15:00:00,41527.5,Germany
2024-05-19 16:00:00,42008.75,Germany
2024-05-19 17:00:00,42788.5,Germany
2024-05-19 18:00:00,42726.5,Germany
2024-05-19 19:00:00,42465.75,Germany
2024-05-19 20:00:00,41768.5,Germany
2024-05-19 21:00:00,41496.0,Germany
2024-05-19 22:00:00,40535.75,Germany
2024-05-19 23:00:00,38059.0,Germany
2024-05-20 00:00:00,35478.25,Germany
2024-05-20 01:00:00,33817.75,Germany
2024-05-20 02:00:00,32935.25,Germany
2024-05-20 03:00:00,33118.75,Germany
2024-05-20 04:00:00,33211.75,Germany
2024-05-20 05:00:00,33611.75,Germany
2024-05-20 06:00:00,34630.25,Germany
2024-05-20 07:00:00,36684.25,Germany
2024-05-20 08:00:00,39973.25,Germany
2024-05-20 09:00:00,42755.75,Germany
2024-05-20 10:00:00,44282.25,Germany
2024-05-20 11:00:00,44913.5,Germany
2024-05-20 12:00:00,44442.75,Germany
2024-05-20 13:00:00,42946.25,Germany
2024-05-20 14:00:00,42338.5,Germany
2024-05-20 15:00:00,41454.0,Germany
2024-05-20 16:00:00,41548.0,Germany
2024-05-20 17:00:00,42608.0,Germany
2024-05-20 18:00:00,44025.5,Germany
2024-05-20 19:00:00,44527.75,Germany
2024-05-20 20:00:00,44619.5,Germany
2024-05-20 21:00:00,44692.75,Germany
2024-05-20 22:00:00,44098.75,Germany
2024-05-20 23:00:00,41674.0,Germany
2024-05-21 00:00:00,39615.25,Germany
2024-05-21 01:00:00,37703.5,Germany
2024-05-21 02:00:00,36947.0,Germany
2024-05-21 03:00:00,37437.0,Germany
2024-05-21 04:00:00,38569.75,Germany
2024-05-21 05:00:00,41942.5,Germany
2024-05-21 06:00:00,49622.5,Germany
2024-05-21 07:00:00,55299.75,Germany
2024-05-21 08:00:00,58543.0,Germany
2024-05-21 09:00:00,59087.25,Germany
2024-05-21 10:00:00,60457.75,Germany
2024-05-21 11:00:00,61190.0,Germany
2024-05-21 12:00:00,60258.5,Germany
2024-05-21 13:00:00,60152.5,Germany
2024-05-21 14:00:00,60570.5,Germany
2024-05-21 15:00:00,60376.25,Germany
2024-05-21 16:00:00,59100.75,Germany
2024-05-21 17:00:00,58199.25,Germany
2024-05-21 18:00:00,58124.0,Germany
2024-05-21 19:00:00,58702.25,Germany
2024-05-21 20:00:00,56491.0,Germany
2024-05-21 21:00:00,54389.25,Germany
2024-05-21 22:00:00,51135.75,Germany
2024-05-21 23:00:00,47647.0,Germany
2024-05-22 00:00:00,44714.5,Germany
2024-05-22 01:00:00,43335.0,Germany
2024-05-22 02:00:00,42704.5,Germany
2024-05-22 03:00:00,43377.25,Germany
2024-05-22 04:00:00,43821.25,Germany
2024-05-22 05:00:00,46234.0,Germany
2024-05-22 06:00:00,52744.75,Germany
2024-05-22 07:00:00,57955.0,Germany
2024-05-22 08:00:00,61403.5,Germany
2024-05-22 09:00:00,62495.0,Germany
2024-05-22 10:00:00,63192.5,Germany
2024-05-22 11:00:00,63385.75,Germany
2024-05-22 12:00:00,62368.25,Germany
2024-05-22 13:00:00,62058.0,Germany
2024-05-22 14:00:00,61289.75,Germany
2024-05-22 15:00:00,59465.25,Germany
2024-05-22 16:00:00,57586.0,Germany
2024-05-22 17:00:00,57885.25,Germany
2024-05-22 18:00:00,57603.25,Germany
2024-05-22 19:00:00,57110.75,Germany
2024-05-22 20:00:00,55368.25,Germany
2024-05-22 21:00:00,53595.5,Germany
2024-05-22 22:00:00,50881.0,Germany
2024-05-22 23:00:00,46599.5,Germany
2024-05-23 00:00:00,43230.75,Germany
2024-05-23 01:00:00,41933.5,Germany
2024-05-23 02:00:00,41010.25,Germany
2024-05-23 03:00:00,41039.5,Germany
2024-05-23 04:00:00,41733.25,Germany
2024-05-23 05:00:00,44165.25,Germany
2024-05-23 06:00:00,50733.0,Germany
2024-05-23 07:00:00,55448.25,Germany
2024-05-23 08:00:00,58612.5,Germany
2024-05-23 09:00:00,59318.25,Germany
2024-05-23 10:00:00,59745.0,Germany
2024-05-23 11:00:00,60015.0,Germany
2024-05-23 12:00:00,58520.5,Germany
2024-05-23 13:00:00,57542.25,Germany
2024-05-23 14:00:00,56118.5,Germany
2024-05-23 15:00:00,55595.0,Germany
2024-05-23 16:00:00,55032.5,Germany
2024-05-23 17:00:00,54570.75,Germany
2024-05-23 18:00:00,54425.25,Germany
2024-05-23 19:00:00,54070.75,Germany
2024-05-23 20:00:00,51920.25,Germany
2024-05-23 21:00:00,49904.25,Germany
2024-05-23 22:00:00,47385.5,Germany
2024-05-23 23:00:00,43827.25,Germany
2024-05-24 00:00:00,41257.0,Germany
2024-05-24 01:00:00,39894.75,Germany
2024-05-24 02:00:00,39218.75,Germany
2024-05-24 03:00:00,39472.0,Germany
2024-05-24 04:00:00,40334.0,Germany
2024-05-24 05:00:00,42620.75,Germany
2024-05-24 06:00:00,48896.25,Germany
2024-05-24 07:00:00,54206.5,Germany
2024-05-24 08:00:00,57411.5,Germany
2024-05-24 09:00:00,58504.5,Germany
2024-05-24 10:00:00,58982.25,Germany
2024-05-24 11:00:00,60075.0,Germany
2024-05-24 12:00:00,59918.25,Germany
2024-05-24 13:00:00,58019.25,Germany
2024-05-24 14:00:00,56023.25,Germany
2024-05-24 15:00:00,55559.75,Germany
2024-05-24 16:00:00,55227.5,Germany
2024-05-24 17:00:00,53983.25,Germany
2024-05-24 18:00:00,53699.0,Germany
2024-05-24 19:00:00,52895.0,Germany
2024-05-24 20:00:00,50538.0,Germany
2024-05-24 21:00:00,48303.5,Germany
2024-05-24 22:00:00,45653.0,Germany
2024-05-24 23:00:00,42267.75,Germany
2024-05-25 00:00:00,38307.5,Germany
2024-05-25 01:00:00,36738.75,Germany
2024-05-25 02:00:00,35616.75,Germany
2024-05-25 03:00:00,35195.0,Germany
2024-05-25 04:00:00,35270.0,Germany
2024-05-25 05:00:00,35455.5,Germany
2024-05-25 06:00:00,37377.75,Germany
2024-05-25 07:00:00,40013.75,Germany
2024-05-25 08:00:00,43013.25,Germany
2024-05-25 09:00:00,45665.0,Germany
2024-05-25 10:00:00,47098.25,Germany
2024-05-25 11:00:00,48292.75,Germany
2024-05-25 12:00:00,47845.75,Germany
2024-05-25 13:00:00,46240.5,Germany
2024-05-25 14:00:00,44334.75,Germany
2024-05-25 15:00:00,42996.75,Germany
2024-05-25 16:00:00,42070.5,Germany
2024-05-25 17:00:00,42603.0,Germany
2024-05-25 18:00:00,43574.5,Germany
2024-05-25 19:00:00,43576.0,Germany
2024-05-25 20:00:00,42360.0,Germany
2024-05-25 21:00:00,41262.5,Germany
2024-05-25 22:00:00,40245.0,Germany
2024-05-25 23:00:00,37039.25,Germany
2024-05-26 00:00:00,36705.5,Germany
2024-05-26 01:00:00,34826.5,Germany
2024-05-26 02:00:00,33847.0,Germany
2024-05-26 03:00:00,33648.0,Germany
2024-05-26 04:00:00,33970.5,Germany
2024-05-26 05:00:00,33519.5,Germany
2024-05-26 06:00:00,34025.75,Germany
2024-05-26 07:00:00,36618.5,Germany
2024-05-26 08:00:00,39861.5,Germany
2024-05-26 09:00:00,42206.0,Germany
2024-05-26 10:00:00,43591.0,Germany
2024-05-26 11:00:00,45051.25,Germany
2024-05-26 12:00:00,44886.25,Germany
2024-05-26 13:00:00,43370.5,Germany
2024-05-26 14:00:00,42512.0,Germany
2024-05-26 15:00:00,42312.75,Germany
2024-05-26 16:00:00,42344.0,Germany
2024-05-26 17:00:00,43672.25,Germany
2024-05-26 18:00:00,44728.25,Germany
2024-05-26 19:00:00,45303.25,Germany
2024-05-26 20:00:00,44637.25,Germany
2024-05-26 21:00:00,44780.75,Germany
2024-05-26 22:00:00,44411.75,Germany
2024-05-26 23:00:00,42000.25,Germany
2024-05-27 00:00:00,39830.0,Germany
2024-05-27 01:00:00,38557.75,Germany
2024-05-27 02:00:00,38174.75,Germany
2024-05-27 03:00:00,38223.0,Germany
2024-05-27 04:00:00,39292.75,Germany
2024-05-27 05:00:00,42029.0,Germany
2024-05-27 06:00:00,48795.75,Germany
2024-05-27 07:00:00,53966.75,Germany
2024-05-27 08:00:00,57268.75,Germany
2024-05-27 09:00:00,58456.25,Germany
2024-05-27 10:00:00,59483.75,Germany
2024-05-27 11:00:00,59773.5,Germany
2024-05-27 12:00:00,58783.0,Germany
2024-05-27 13:00:00,57931.75,Germany
2024-05-27 14:00:00,56644.5,Germany
2024-05-27 15:00:00,55490.75,Germany
2024-05-27 16:00:00,53607.0,Germany
2024-05-27 17:00:00,53823.0,Germany
2024-05-27 18:00:00,54204.0,Germany
2024-05-27 19:00:00,53766.5,Germany
2024-05-27 20:00:00,51655.0,Germany
2024-05-27 21:00:00,49890.75,Germany
2024-05-27 22:00:00,46815.25,Germany
2024-05-27 23:00:00,43394.25,Germany
2024-05-28 00:00:00,40554.5,Germany
2024-05-28 01:00:00,39151.0,Germany
2024-05-28 02:00:00,38923.0,Germany
2024-05-28 03:00:00,38854.25,Germany
2024-05-28 04:00:00,38945.25,Germany
2024-05-28 05:00:00,41926.75,Germany
2024-05-28 06:00:00,48592.0,Germany
2024-05-28 07:00:00,53136.75,Germany
2024-05-28 08:00:00,56184.0,Germany
2024-05-28 09:00:00,56839.75,Germany
2024-05-28 10:00:00,58341.75,Germany
2024-05-28 11:00:00,59341.75,Germany
2024-05-28 12:00:00,58919.0,Germany
2024-05-28 13:00:00,57981.75,Germany
2024-05-28 14:00:00,55781.5,Germany
2024-05-28 15:00:00,54928.5,Germany
2024-05-28 16:00:00,54640.25,Germany
2024-05-28 17:00:00,54131.0,Germany
2024-05-28 18:00:00,53644.25,Germany
2024-05-28 19:00:00,52989.0,Germany
2024-05-28 20:00:00,51589.0,Germany
2024-05-28 21:00:00,50013.5,Germany
2024-05-28 22:00:00,48026.0,Germany
2024-05-28 23:00:00,45338.0,Germany
2024-05-29 00:00:00,42945.5,Germany
2024-05-29 01:00:00,41669.5,Germany
2024-05-29 02:00:00,40929.75,Germany
2024-05-29 03:00:00,40783.0,Germany
2024-05-29 04:00:00,42111.25,Germany
2024-05-29 05:00:00,45141.0,Germany
2024-05-29 06:00:00,51169.5,Germany
2024-05-29 07:00:00,56228.75,Germany
2024-05-29 08:00:00,59380.0,Germany
2024-05-29 09:00:00,61141.0,Germany
2024-05-29 10:00:00,61676.0,Germany
2024-05-29 11:00:00,62393.5,Germany
2024-05-29 12:00:00,61812.5,Germany
2024-05-29 13:00:00,61550.0,Germany
2024-05-29 14:00:00,60695.75,Germany
2024-05-29 15:00:00,59652.75,Germany
2024-05-29 16:00:00,58478.75,Germany
2024-05-29 17:00:00,57986.75,Germany
2024-05-29 18:00:00,57987.5,Germany
2024-05-29 19:00:00,57567.5,Germany
2024-05-29 20:00:00,54203.0,Germany
2024-05-29 21:00:00,50896.75,Germany
2024-05-29 22:00:00,48175.5,Germany
2024-05-29 23:00:00,44948.5,Germany
2024-05-30 00:00:00,42105.0,Germany
2024-05-30 01:00:00,40214.0,Germany
2024-05-30 02:00:00,38988.5,Germany
2024-05-30 03:00:00,38813.75,Germany
2024-05-30 04:00:00,38936.5,Germany
2024-05-30 05:00:00,39405.5,Germany
2024-05-30 06:00:00,41616.25,Germany
2024-05-30 07:00:00,43723.5,Germany
2024-05-30 08:00:00,46084.25,Germany
2024-05-30 09:00:00,48374.5,Germany
2024-05-30 10:00:00,50212.0,Germany
2024-05-30 11:00:00,51311.0,Germany
2024-05-30 12:00:00,51217.0,Germany
2024-05-30 13:00:00,50741.0,Germany
2024-05-30 14:00:00,48594.75,Germany
2024-05-30 15:00:00,48451.5,Germany
2024-05-30 16:00:00,48283.25,Germany
2024-05-30 17:00:00,49062.25,Germany
2024-05-30 18:00:00,49495.0,Germany
2024-05-30 19:00:00,49235.75,Germany
2024-05-30 20:00:00,47972.75,Germany
2024-05-30 21:00:00,46906.25,Germany
2024-05-30 22:00:00,45477.0,Germany
2024-05-30 23:00:00,42214.75,Germany
2024-05-31 00:00:00,40454.5,Germany
2024-05-31 01:00:00,38663.25,Germany
2024-05-31 02:00:00,37467.25,Germany
2024-05-31 03:00:00,37399.25,Germany
2024-05-31 04:00:00,38541.75,Germany
2024-05-31 05:00:00,40824.0,Germany
2024-05-31 06:00:00,46204.75,Germany
2024-05-31 07:00:00,50450.0,Germany
2024-05-31 08:00:00,53803.0,Germany
2024-05-31 09:00:00,55434.75,Germany
2024-05-31 10:00:00,56261.25,Germany
2024-05-31 11:00:00,56399.5,Germany
2024-05-31 12:00:00,55986.25,Germany
2024-05-31 13:00:00,54522.5,Germany
2024-05-31 14:00:00,53240.0,Germany
2024-05-31 15:00:00,53017.5,Germany
2024-05-31 16:00:00,52402.5,Germany
2024-05-31 17:00:00,52516.75,Germany
2024-05-31 18:00:00,52882.25,Germany
2024-05-31 19:00:00,52302.75,Germany
2024-05-31 20:00:00,50427.5,Germany
2024-05-31 21:00:00,48539.25,Germany
2024-05-31 22:00:00,46482.25,Germany
2024-05-31 23:00:00,43454.75,Germany
2024-06-01 00:00:00,40806.25,Germany
2024-06-01 01:00:00,38783.75,Germany
2024-06-01 02:00:00,37493.5,Germany
2024-06-01 03:00:00,36841.0,Germany
2024-06-01 04:00:00,36769.0,Germany
2024-06-01 05:00:00,37415.25,Germany
2024-06-01 06:00:00,38945.75,Germany
2024-06-01 07:00:00,41498.75,Germany
2024-06-01 08:00:00,44729.75,Germany
2024-06-01 09:00:00,48103.25,Germany
2024-06-01 10:00:00,50743.5,Germany
2024-06-01 11:00:00,52193.75,Germany
2024-06-01 12:00:00,52083.0,Germany
2024-06-01 13:00:00,50470.5,Germany
2024-06-01 14:00:00,48913.75,Germany
2024-06-01 15:00:00,48158.75,Germany
2024-06-01 16:00:00,48002.0,Germany
2024-06-01 17:00:00,48345.75,Germany
2024-06-01 18:00:00,48929.75,Germany
2024-06-01 19:00:00,48090.0,Germany
2024-06-01 20:00:00,46191.0,Germany
2024-06-01 21:00:00,44589.25,Germany
2024-06-01 22:00:00,43527.0,Germany
2024-06-01 23:00:00,41160.5,Germany
2024-06-02 00:00:00,38517.25,Germany
2024-06-02 01:00:00,36854.75,Germany
2024-06-02 02:00:00,35745.0,Germany
2024-06-02 03:00:00,35247.75,Germany
2024-06-02 04:00:00,35583.25,Germany
2024-06-02 05:00:00,35705.25,Germany
2024-06-02 06:00:00,36454.25,Germany
2024-06-02 07:00:00,38446.75,Germany
2024-06-02 08:00:00,41692.5,Germany
2024-06-02 09:00:00,44809.25,Germany
2024-06-02 10:00:00,47372.25,Germany
2024-06-02 11:00:00,50084.5,Germany
2024-06-02 12:00:00,50495.5,Germany
2024-06-02 13:00:00,49045.25,Germany
2024-06-02 14:00:00,47138.75,Germany
2024-06-02 15:00:00,46116.25,Germany
2024-06-02 16:00:00,45984.25,Germany
2024-06-02 17:00:00,46975.0,Germany
2024-06-02 18:00:00,47983.75,Germany
2024-06-02 19:00:00,47608.0,Germany
2024-06-02 20:00:00,46399.0,Germany
2024-06-02 21:00:00,45752.25,Germany
2024-06-02 22:00:00,45299.25,Germany
2024-06-02 23:00:00,42548.25,Germany
2024-06-03 00:00:00,40716.0,Germany
2024-06-03 01:00:00,39210.5,Germany
2024-06-03 02:00:00,38847.5,Germany
2024-06-03 03:00:00,38565.25,Germany
2024-06-03 04:00:00,39638.25,Germany
2024-06-03 05:00:00,42960.0,Germany
2024-06-03 06:00:00,50264.25,Germany
2024-06-03 07:00:00,56004.75,Germany
2024-06-03 08:00:00,59545.75,Germany
2024-06-03 09:00:00,60588.75,Germany
2024-06-03 10:00:00,61687.75,Germany
2024-06-03 11:00:00,62387.25,Germany
2024-06-03 12:00:00,61512.0,Germany
2024-06-03 13:00:00,60713.25,Germany
2024-06-03 14:00:00,59220.0,Germany
2024-06-03 15:00:00,58140.5,Germany
2024-06-03 16:00:00,57010.5,Germany
2024-06-03 17:00:00,57271.0,Germany
2024-06-03 18:00:00,57458.0,Germany
2024-06-03 19:00:00,56759.0,Germany
2024-06-03 20:00:00,54669.5,Germany
2024-06-03 21:00:00,52286.25,Germany
2024-06-03 22:00:00,49800.0,Germany
2024-06-03 23:00:00,46285.5,Germany
2024-06-04 00:00:00,43461.5,Germany
2024-06-04 01:00:00,42228.75,Germany
2024-06-04 02:00:00,41590.25,Germany
2024-06-04 03:00:00,41447.5,Germany
2024-06-04 04:00:00,42515.0,Germany
2024-06-04 05:00:00,44564.5,Germany
2024-06-04 06:00:00,51184.75,Germany
2024-06-04 07:00:00,55812.5,Germany
2024-06-04 08:00:00,58636.75,Germany
2024-06-04 09:00:00,59178.25,Germany
2024-06-04 10:00:00,58791.0,Germany
2024-06-04 11:00:00,59257.25,Germany
2024-06-04 12:00:00,58694.75,Germany
2024-06-04 13:00:00,58211.0,Germany
2024-06-04 14:00:00,56827.75,Germany
2024-06-04 15:00:00,55989.75,Germany
2024-06-04 16:00:00,55358.25,Germany
2024-06-04 17:00:00,55216.25,Germany
2024-06-04 18:00:00,55688.0,Germany
2024-06-04 19:00:00,55487.0,Germany
2024-06-04 20:00:00,54252.5,Germany
2024-06-04 21:00:00,52522.25,Germany
2024-06-04 22:00:00,50180.0,Germany
2024-06-04 23:00:00,46065.5,Germany
2024-06-05 00:00:00,43476.25,Germany
2024-06-05 01:00:00,42132.5,Germany
2024-06-05 02:00:00,41992.75,Germany
2024-06-05 03:00:00,41696.25,Germany
2024-06-05 04:00:00,43094.75,Germany
2024-06-05 05:00:00,45975.75,Germany
2024-06-05 06:00:00,53692.5,Germany
2024-06-05 07:00:00,58378.0,Germany
2024-06-05 08:00:00,61184.0,Germany
2024-06-05 09:00:00,61723.5,Germany
2024-06-05 10:00:00,61974.75,Germany
2024-06-05 11:00:00,62639.75,Germany
2024-06-05 12:00:00,61795.0,Germany
2024-06-05 13:00:00,61029.25,Germany
2024-06-05 14:00:00,59616.25,Germany
2024-06-05 15:00:00,57589.0,Germany
2024-06-05 16:00:00,56786.5,Germany
2024-06-05 17:00:00,56891.75,Germany
2024-06-05 18:00:00,57450.5,Germany
2024-06-05 19:00:00,56881.75,Germany
2024-06-05 20:00:00,54662.5,Germany
2024-06-05 21:00:00,52535.75,Germany
2024-06-05 22:00:00,50491.75,Germany
2024-06-05 23:00:00,46823.25,Germany
2024-06-06 00:00:00,43719.5,Germany
2024-06-06 01:00:00,42070.5,Germany
2024-06-06 02:00:00,41189.5,Germany
2024-06-06 03:00:00,41158.0,Germany
2024-06-06 04:00:00,42247.25,Germany
2024-06-06 05:00:00,44879.5,Germany
2024-06-06 06:00:00,51261.25,Germany
2024-06-06 07:00:00,56236.75,Germany
2024-06-06 08:00:00,58829.0,Germany
2024-06-06 09:00:00,59473.5,Germany
2024-06-06 10:00:00,60053.0,Germany
2024-06-06 11:00:00,59821.25,Germany
2024-06-06 12:00:00,61545.75,Germany
2024-06-06 13:00:00,58604.0,Germany
2024-06-06 14:00:00,56750.5,Germany
2024-06-06 15:00:00,56058.25,Germany
2024-06-06 16:00:00,55198.25,Germany
2024-06-06 17:00:00,55050.75,Germany
2024-06-06 18:00:00,55425.75,Germany
2024-06-06 19:00:00,55096.75,Germany
2024-06-06 20:00:00,53614.0,Germany
2024-06-06 21:00:00,51401.0,Germany
2024-06-06 22:00:00,49237.25,Germany
2024-06-06 23:00:00,45686.25,Germany
2024-06-07 00:00:00,43131.75,Germany
2024-06-07 01:00:00,41441.25,Germany
2024-06-07 02:00:00,40660.75,Germany
2024-06-07 03:00:00,40768.75,Germany
2024-06-07 04:00:00,41393.0,Germany
2024-06-07 05:00:00,43951.5,Germany
2024-06-07 06:00:00,50402.0,Germany
2024-06-07 07:00:00,55510.0,Germany
2024-06-07 08:00:00,58527.25,Germany
2024-06-07 09:00:00,58721.0,Germany
2024-06-07 10:00:00,58423.0,Germany
2024-06-07 11:00:00,58656.5,Germany
2024-06-07 12:00:00,57502.25,Germany
2024-06-07 13:00:00,56252.25,Germany
2024-06-07 14:00:00,54922.0,Germany
2024-06-07 15:00:00,54643.5,Germany
2024-06-07 16:00:00,54608.5,Germany
2024-06-07 17:00:00,54220.75,Germany
2024-06-07 18:00:00,53657.5,Germany
2024-06-07 19:00:00,53248.75,Germany
2024-06-07 20:00:00,51636.25,Germany
2024-06-07 21:00:00,49612.75,Germany
2024-06-07 22:00:00,47630.25,Germany
2024-06-07 23:00:00,44173.5,Germany
2024-06-08 00:00:00,41698.0,Germany
2024-06-08 01:00:00,39595.0,Germany
2024-06-08 02:00:00,38232.0,Germany
2024-06-08 03:00:00,38032.25,Germany
2024-06-08 04:00:00,37946.0,Germany
2024-06-08 05:00:00,37573.75,Germany
2024-06-08 06:00:00,39151.75,Germany
2024-06-08 07:00:00,42672.25,Germany
2024-06-08 08:00:00,45536.75,Germany
2024-06-08 09:00:00,47009.5,Germany
2024-06-08 10:00:00,47954.75,Germany
2024-06-08 11:00:00,48404.25,Germany
2024-06-08 12:00:00,47961.75,Germany
2024-06-08 13:00:00,46793.5,Germany
2024-06-08 14:00:00,45403.0,Germany
2024-06-08 15:00:00,45221.25,Germany
2024-06-08 16:00:00,45098.25,Germany
2024-06-08 17:00:00,45261.0,Germany
2024-06-08 18:00:00,45676.25,Germany
2024-06-08 19:00:00,46006.5,Germany
2024-06-08 20:00:00,45035.5,Germany
2024-06-08 21:00:00,43532.25,Germany
2024-06-08 22:00:00,42209.25,Germany
2024-06-08 23:00:00,39589.0,Germany
2024-06-09 00:00:00,37769.75,Germany
2024-06-09 01:00:00,35968.5,Germany
2024-06-09 02:00:00,35215.75,Germany
2024-06-09 03:00:00,34976.5,Germany
2024-06-09 04:00:00,34705.25,Germany
2024-06-09 05:00:00,34513.0,Germany
2024-06-09 06:00:00,35739.0,Germany
2024-06-09 07:00:00,38321.5,Germany
2024-06-09 08:00:00,40616.75,Germany
2024-06-09 09:00:00,42559.5,Germany
2024-06-09 10:00:00,43727.75,Germany
2024-06-09 11:00:00,45240.0,Germany
2024-06-09 12:00:00,44608.5,Germany
2024-06-09 13:00:00,43199.0,Germany
2024-06-09 14:00:00,42163.75,Germany
2024-06-09 15:00:00,41719.75,Germany
2024-06-09 16:00:00,41968.0,Germany
2024-06-09 17:00:00,43206.75,Germany
2024-06-09 18:00:00,45507.0,Germany
2024-06-09 19:00:00,46062.75,Germany
2024-06-09 20:00:00,45208.25,Germany
2024-06-09 21:00:00,44669.0,Germany
2024-06-09 22:00:00,44615.5,Germany
2024-06-09 23:00:00,41806.25,Germany
2024-06-10 00:00:00,39539.75,Germany
2024-06-10 01:00:00,38853.5,Germany
2024-06-10 02:00:00,38257.25,Germany
2024-06-10 03:00:00,38184.5,Germany
2024-06-10 04:00:00,39511.0,Germany
2024-06-10 05:00:00,42698.5,Germany
2024-06-10 06:00:00,49979.0,Germany
2024-06-10 07:00:00,54657.5,Germany
2024-06-10 08:00:00,57895.0,Germany
2024-06-10 09:00:00,58533.0,Germany
2024-06-10 10:00:00,58257.75,Germany
2024-06-10 11:00:00,60453.25,Germany
2024-06-10 12:00:00,59141.75,Germany
2024-06-10 13:00:00,59158.25,Germany
2024-06-10 14:00:00,58461.0,Germany
2024-06-10 15:00:00,57302.25,Germany
2024-06-10 16:00:00,56361.5,Germany
2024-06-10 17:00:00,56548.75,Germany
2024-06-10 18:00:00,56816.0,Germany
2024-06-10 19:00:00,56304.25,Germany
2024-06-10 20:00:00,54214.0,Germany
2024-06-10 21:00:00,52133.25,Germany
2024-06-10 22:00:00,49321.0,Germany
2024-06-10 23:00:00,46188.25,Germany
2024-06-11 00:00:00,43455.25,Germany
2024-06-11 01:00:00,42367.75,Germany
2024-06-11 02:00:00,42183.25,Germany
2024-06-11 03:00:00,42603.0,Germany
2024-06-11 04:00:00,43417.75,Germany
2024-06-11 05:00:00,45819.5,Germany
2024-06-11 06:00:00,52023.25,Germany
2024-06-11 07:00:00,56924.5,Germany
2024-06-11 08:00:00,59777.75,Germany
2024-06-11 09:00:00,60587.5,Germany
2024-06-11 10:00:00,61292.75,Germany
2024-06-11 11:00:00,61973.5,Germany
2024-06-11 12:00:00,61567.0,Germany
2024-06-11 13:00:00,60373.25,Germany
2024-06-11 14:00:00,58750.25,Germany
2024-06-11 15:00:00,57843.5,Germany
2024-06-11 16:00:00,57252.75,Germany
2024-06-11 17:00:00,57906.0,Germany
2024-06-11 18:00:00,57720.0,Germany
2024-06-11 19:00:00,57260.75,Germany
2024-06-11 20:00:00,55606.75,Germany
2024-06-11 21:00:00,53362.5,Germany
2024-06-11 22:00:00,50980.0,Germany
2024-06-11 23:00:00,47673.5,Germany
2024-06-12 00:00:00,44935.25,Germany
2024-06-12 01:00:00,43270.75,Germany
2024-06-12 02:00:00,42596.25,Germany
2024-06-12 03:00:00,42585.25,Germany
2024-06-12 04:00:00,43849.5,Germany
2024-06-12 05:00:00,46581.25,Germany
2024-06-12 06:00:00,53258.75,Germany
2024-06-12 07:00:00,57763.0,Germany
2024-06-12 08:00:00,60583.5,Germany
2024-06-12 09:00:00,60901.5,Germany
2024-06-12 10:00:00,61535.5,Germany
2024-06-12 11:00:00,61808.75,Germany
2024-06-12 12:00:00,61064.75,Germany
2024-06-12 13:00:00,60385.5,Germany
2024-06-12 14:00:00,59399.25,Germany
2024-06-12 15:00:00,58546.5,Germany
2024-06-12 16:00:00,58118.25,Germany
2024-06-12 17:00:00,57744.75,Germany
2024-06-12 18:00:00,57938.25,Germany
2024-06-12 19:00:00,57387.75,Germany
2024-06-12 20:00:00,55575.25,Germany
2024-06-12 21:00:00,53125.75,Germany
2024-06-12 22:00:00,50834.0,Germany
2024-06-12 23:00:00,47389.0,Germany
2024-06-13 00:00:00,44528.0,Germany
2024-06-13 01:00:00,42788.0,Germany
2024-06-13 02:00:00,41759.25,Germany
2024-06-13 03:00:00,41617.0,Germany
2024-06-13 04:00:00,42717.5,Germany
2024-06-13 05:00:00,45395.5,Germany
2024-06-13 06:00:00,51899.75,Germany
2024-06-13 07:00:00,56800.25,Germany
2024-06-13 08:00:00,59619.5,Germany
2024-06-13 09:00:00,59808.25,Germany
2024-06-13 10:00:00,59671.0,Germany
2024-06-13 11:00:00,60026.0,Germany
2024-06-13 12:00:00,59358.5,Germany
2024-06-13 13:00:00,58872.5,Germany
2024-06-13 14:00:00,57717.75,Germany
2024-06-13 15:00:00,56682.25,Germany
2024-06-13 16:00:00,55361.5,Germany
2024-06-13 17:00:00,55710.25,Germany
2024-06-13 18:00:00,56461.0,Germany
2024-06-13 19:00:00,56055.5,Germany
2024-06-13 20:00:00,54413.5,Germany
2024-06-13 21:00:00,52025.5,Germany
2024-06-13 22:00:00,49914.5,Germany
2024-06-13 23:00:00,46196.5,Germany
2024-06-14 00:00:00,43016.0,Germany
2024-06-14 01:00:00,41366.5,Germany
2024-06-14 02:00:00,40968.75,Germany
2024-06-14 03:00:00,41431.0,Germany
2024-06-14 04:00:00,41966.5,Germany
2024-06-14 05:00:00,44378.5,Germany
2024-06-14 06:00:00,51834.25,Germany
2024-06-14 07:00:00,57069.5,Germany
2024-06-14 08:00:00,59469.0,Germany
2024-06-14 09:00:00,60172.5,Germany
2024-06-14 10:00:00,60594.0,Germany
2024-06-14 11:00:00,61295.75,Germany
2024-06-14 12:00:00,61976.75,Germany
2024-06-14 13:00:00,60749.25,Germany
2024-06-14 14:00:00,57921.25,Germany
2024-06-14 15:00:00,57243.0,Germany
2024-06-14 16:00:00,56612.0,Germany
2024-06-14 17:00:00,56486.75,Germany
2024-06-14 18:00:00,56394.0,Germany
2024-06-14 19:00:00,54454.5,Germany
2024-06-14 20:00:00,51835.25,Germany
2024-06-14 21:00:00,49308.5,Germany
2024-06-14 22:00:00,47529.25,Germany
2024-06-14 23:00:00,44745.0,Germany
2024-06-15 00:00:00,41144.25,Germany
2024-06-15 01:00:00,39740.0,Germany
2024-06-15 02:00:00,38302.25,Germany
2024-06-15 03:00:00,37474.5,Germany
2024-06-15 04:00:00,37554.25,Germany
2024-06-15 05:00:00,38076.25,Germany
2024-06-15 06:00:00,39752.5,Germany
2024-06-15 07:00:00,42683.5,Germany
2024-06-15 08:00:00,46149.75,Germany
2024-06-15 09:00:00,48120.0,Germany
2024-06-15 10:00:00,49028.0,Germany
2024-06-15 11:00:00,50687.5,Germany
2024-06-15 12:00:00,49668.5,Germany
2024-06-15 13:00:00,47308.5,Germany
2024-06-15 14:00:00,46043.5,Germany
2024-06-15 15:00:00,44921.25,Germany
2024-06-15 16:00:00,45191.0,Germany
2024-06-15 17:00:00,46499.0,Germany
2024-06-15 18:00:00,46934.5,Germany
2024-06-15 19:00:00,46060.5,Germany
2024-06-15 20:00:00,44270.0,Germany
2024-06-15 21:00:00,42902.5,Germany
2024-06-15 22:00:00,41882.5,Germany
2024-06-15 23:00:00,39494.75,Germany
2024-06-16 00:00:00,38255.75,Germany
2024-06-16 01:00:00,36443.25,Germany
2024-06-16 02:00:00,35492.25,Germany
2024-06-16 03:00:00,34689.5,Germany
2024-06-16 04:00:00,35063.75,Germany
2024-06-16 05:00:00,35166.75,Germany
2024-06-16 06:00:00,36111.25,Germany
2024-06-16 07:00:00,38017.0,Germany
2024-06-16 08:00:00,40975.25,Germany
2024-06-16 09:00:00,43380.75,Germany
2024-06-16 10:00:00,44948.5,Germany
2024-06-16 11:00:00,46284.75,Germany
2024-06-16 12:00:00,46819.25,Germany
2024-06-16 13:00:00,45477.5,Germany
2024-06-16 14:00:00,43805.5,Germany
2024-06-16 15:00:00,42907.25,Germany
2024-06-16 16:00:00,43191.0,Germany
2024-06-16 17:00:00,44999.5,Germany
2024-06-16 18:00:00,46684.75,Germany
2024-06-16 19:00:00,45893.5,Germany
2024-06-16 20:00:00,45303.75,Germany
2024-06-16 21:00:00,43956.75,Germany
2024-06-16 22:00:00,44076.75,Germany
2024-06-16 23:00:00,41439.75,Germany
2024-06-17 00:00:00,40160.75,Germany
2024-06-17 01:00:00,38611.75,Germany
2024-06-17 02:00:00,37906.5,Germany
2024-06-17 03:00:00,38242.75,Germany
2024-06-17 04:00:00,39355.25,Germany
2024-06-17 05:00:00,42458.75,Germany
2024-06-17 06:00:00,49559.75,Germany
2024-06-17 07:00:00,55212.25,Germany
2024-06-17 08:00:00,58531.25,Germany
2024-06-17 09:00:00,60207.25,Germany
2024-06-17 10:00:00,60473.75,Germany
2024-06-17 11:00:00,60598.5,Germany
2024-06-17 12:00:00,59920.75,Germany
2024-06-17 13:00:00,59670.0,Germany
2024-06-17 14:00:00,58969.75,Germany
2024-06-17 15:00:00,58187.5,Germany
2024-06-17 16:00:00,57161.25,Germany
2024-06-17 17:00:00,57101.75,Germany
2024-06-17 18:00:00,56939.0,Germany
2024-06-17 19:00:00,56278.75,Germany
2024-06-17 20:00:00,54801.25,Germany
2024-06-17 21:00:00,52263.75,Germany
2024-06-17 22:00:00,49895.0,Germany
2024-06-17 23:00:00,46190.75,Germany
2024-06-18 00:00:00,43758.25,Germany
2024-06-18 01:00:00,42106.0,Germany
2024-06-18 02:00:00,41016.5,Germany
2024-06-18 03:00:00,41007.0,Germany
2024-06-18 04:00:00,42039.75,Germany
2024-06-18 05:00:00,44722.5,Germany
2024-06-18 06:00:00,51291.75,Germany
2024-06-18 07:00:00,56539.5,Germany
2024-06-18 08:00:00,60064.5,Germany
2024-06-18 09:00:00,60270.5,Germany
2024-06-18 10:00:00,59957.75,Germany
2024-06-18 11:00:00,61045.25,Germany
2024-06-18 12:00:00,61613.25,Germany
2024-06-18 13:00:00,60355.75,Germany
2024-06-18 14:00:00,58026.25,Germany
2024-06-18 15:00:00,57677.0,Germany
2024-06-18 16:00:00,57676.0,Germany
2024-06-18 17:00:00,58449.0,Germany
2024-06-18 18:00:00,58517.0,Germany
2024-06-18 19:00:00,57360.5,Germany
2024-06-18 20:00:00,55752.0,Germany
2024-06-18 21:00:00,53167.25,Germany
2024-06-18 22:00:00,50621.5,Germany
2024-06-18 23:00:00,47363.5,Germany
2024-06-19 00:00:00,44155.0,Germany
2024-06-19 01:00:00,42711.25,Germany
2024-06-19 02:00:00,41892.0,Germany
2024-06-19 03:00:00,41940.5,Germany
2024-06-19 04:00:00,42411.0,Germany
2024-06-19 05:00:00,44763.5,Germany
2024-06-19 06:00:00,51564.25,Germany
2024-06-19 07:00:00,56746.25,Germany
2024-06-19 08:00:00,60166.5,Germany
2024-06-19 09:00:00,61730.75,Germany
2024-06-19 10:00:00,62519.5,Germany
2024-06-19 11:00:00,63286.75,Germany
2024-06-19 12:00:00,62450.25,Germany
2024-06-19 13:00:00,61520.75,Germany
2024-06-19 14:00:00,59991.25,Germany
2024-06-19 15:00:00,59241.25,Germany
2024-06-19 16:00:00,57557.5,Germany
2024-06-19 17:00:00,58270.5,Germany
2024-06-19 18:00:00,57663.75,Germany
2024-06-19 19:00:00,55931.5,Germany
2024-06-19 20:00:00,54902.75,Germany
2024-06-19 21:00:00,52806.25,Germany
2024-06-19 22:00:00,51163.75,Germany
2024-06-19 23:00:00,47747.0,Germany
2024-06-20 00:00:00,44590.25,Germany
2024-06-20 01:00:00,42878.5,Germany
2024-06-20 02:00:00,42383.25,Germany
2024-06-20 03:00:00,42158.25,Germany
2024-06-20 04:00:00,43017.0,Germany
2024-06-20 05:00:00,45507.25,Germany
2024-06-20 06:00:00,51420.75,Germany
2024-06-20 07:00:00,55820.5,Germany
2024-06-20 08:00:00,59615.25,Germany
2024-06-20 09:00:00,60571.25,Germany
2024-06-20 10:00:00,60216.25,Germany
2024-06-20 11:00:00,60222.5,Germany
2024-06-20 12:00:00,60303.5,Germany
2024-06-20 13:00:00,60118.0,Germany
2024-06-20 14:00:00,59585.0,Germany
2024-06-20 15:00:00,58729.25,Germany
2024-06-20 16:00:00,57037.75,Germany
2024-06-20 17:00:00,56845.25,Germany
2024-06-20 18:00:00,57306.25,Germany
2024-06-20 19:00:00,57016.25,Germany
2024-06-20 20:00:00,54835.75,Germany
2024-06-20 21:00:00,52171.0,Germany
2024-06-20 22:00:00,50002.25,Germany
2024-06-20 23:00:00,46395.0,Germany
2024-06-21 00:00:00,43436.5,Germany
2024-06-21 01:00:00,41484.0,Germany
2024-06-21 02:00:00,40541.25,Germany
2024-06-21 03:00:00,40792.5,Germany
2024-06-21 04:00:00,41627.25,Germany
2024-06-21 05:00:00,43968.25,Germany
2024-06-21 06:00:00,50289.5,Germany
2024-06-21 07:00:00,55202.25,Germany
2024-06-21 08:00:00,59151.0,Germany
2024-06-21 09:00:00,60845.0,Germany
2024-06-21 10:00:00,62309.5,Germany
2024-06-21 11:00:00,62181.0,Germany
2024-06-21 12:00:00,61336.75,Germany
2024-06-21 13:00:00,60427.5,Germany
2024-06-21 14:00:00,58188.0,Germany
2024-06-21 15:00:00,57012.25,Germany
2024-06-21 16:00:00,56921.5,Germany
2024-06-21 17:00:00,57188.0,Germany
2024-06-21 18:00:00,56325.5,Germany
2024-06-21 19:00:00,55432.5,Germany
2024-06-21 20:00:00,52785.75,Germany
2024-06-21 21:00:00,50360.75,Germany
2024-06-21 22:00:00,48170.25,Germany
2024-06-21 23:00:00,45208.25,Germany
2024-06-22 00:00:00,42020.5,Germany
2024-06-22 01:00:00,40342.0,Germany
2024-06-22 02:00:00,38920.75,Germany
2024-06-22 03:00:00,38085.25,Germany
2024-06-22 04:00:00,37956.0,Germany
2024-06-22 05:00:00,37836.5,Germany
2024-06-22 06:00:00,40049.5,Germany
2024-06-22 07:00:00,43094.5,Germany
2024-06-22 08:00:00,46743.25,Germany
2024-06-22 09:00:00,50349.0,Germany
2024-06-22 10:00:00,51669.0,Germany
2024-06-22 11:00:00,52163.25,Germany
2024-06-22 12:00:00,50876.5,Germany
2024-06-22 13:00:00,48717.25,Germany
2024-06-22 14:00:00,47504.0,Germany
2024-06-22 15:00:00,47377.5,Germany
2024-06-22 16:00:00,47722.5,Germany
2024-06-22 17:00:00,48230.0,Germany
2024-06-22 18:00:00,48662.75,Germany
2024-06-22 19:00:00,47615.5,Germany
2024-06-22 20:00:00,45608.0,Germany
2024-06-22 21:00:00,44087.5,Germany
2024-06-22 22:00:00,43421.5,Germany
2024-06-22 23:00:00,41529.25,Germany
2024-06-23 00:00:00,39055.25,Germany
2024-06-23 01:00:00,37201.25,Germany
2024-06-23 02:00:00,36246.5,Germany
2024-06-23 03:00:00,35801.0,Germany
2024-06-23 04:00:00,35732.25,Germany
2024-06-23 05:00:00,35073.25,Germany
2024-06-23 06:00:00,36172.0,Germany
2024-06-23 07:00:00,38642.25,Germany
2024-06-23 08:00:00,41725.75,Germany
2024-06-23 09:00:00,43546.75,Germany
2024-06-23 10:00:00,44667.75,Germany
2024-06-23 11:00:00,45741.75,Germany
2024-06-23 12:00:00,45538.75,Germany
2024-06-23 13:00:00,44010.25,Germany
2024-06-23 14:00:00,42968.5,Germany
2024-06-23 15:00:00,42105.0,Germany
2024-06-23 16:00:00,42608.5,Germany
2024-06-23 17:00:00,44177.75,Germany
2024-06-23 18:00:00,45535.5,Germany
2024-06-23 19:00:00,45378.25,Germany
2024-06-23 20:00:00,44845.25,Germany
2024-06-23 21:00:00,43661.5,Germany
2024-06-23 22:00:00,44030.0,Germany
2024-06-23 23:00:00,41637.25,Germany
2024-06-24 00:00:00,39301.25,Germany
2024-06-24 01:00:00,38020.25,Germany
2024-06-24 02:00:00,37093.75,Germany
2024-06-24 03:00:00,37165.25,Germany
2024-06-24 04:00:00,38156.75,Germany
2024-06-24 05:00:00,41336.25,Germany
2024-06-24 06:00:00,48614.0,Germany
2024-06-24 07:00:00,54158.75,Germany
2024-06-24 08:00:00,57610.75,Germany
2024-06-24 09:00:00,58662.5,Germany
2024-06-24 10:00:00,58579.0,Germany
2024-06-24 11:00:00,59111.75,Germany
2024-06-24 12:00:00,59074.5,Germany
2024-06-24 13:00:00,58368.25,Germany
2024-06-24 14:00:00,56638.5,Germany
2024-06-24 15:00:00,55637.5,Germany
2024-06-24 16:00:00,55109.0,Germany
2024-06-24 17:00:00,55004.25,Germany
2024-06-24 18:00:00,55422.5,Germany
2024-06-24 19:00:00,55352.75,Germany
2024-06-24 20:00:00,53730.25,Germany
2024-06-24 21:00:00,51613.0,Germany
2024-06-24 22:00:00,49684.0,Germany
2024-06-24 23:00:00,46176.0,Germany
2024-06-25 00:00:00,43322.5,Germany
2024-06-25 01:00:00,42031.75,Germany
2024-06-25 02:00:00,40752.75,Germany
2024-06-25 03:00:00,40489.5,Germany
2024-06-25 04:00:00,41567.75,Germany
2024-06-25 05:00:00,43861.5,Germany
2024-06-25 06:00:00,50459.75,Germany
2024-06-25 07:00:00,55443.25,Germany
2024-06-25 08:00:00,58366.0,Germany
2024-06-25 09:00:00,59532.75,Germany
2024-06-25 10:00:00,59618.5,Germany
2024-06-25 11:00:00,59663.0,Germany
2024-06-25 12:00:00,59094.25,Germany
2024-06-25 13:00:00,58406.5,Germany
2024-06-25 14:00:00,56923.0,Germany
2024-06-25 15:00:00,55762.75,Germany
2024-06-25 16:00:00,55451.75,Germany
2024-06-25 17:00:00,56650.75,Germany
2024-06-25 18:00:00,56921.0,Germany
2024-06-25 19:00:00,56301.25,Germany
2024-06-25 20:00:00,55066.25,Germany
2024-06-25 21:00:00,53191.25,Germany
2024-06-25 22:00:00,51298.25,Germany
2024-06-25 23:00:00,47758.75,Germany
2024-06-26 00:00:00,44948.0,Germany
2024-06-26 01:00:00,43161.75,Germany
2024-06-26 02:00:00,42348.25,Germany
2024-06-26 03:00:00,41790.0,Germany
2024-06-26 04:00:00,42199.25,Germany
2024-06-26 05:00:00,44005.5,Germany
2024-06-26 06:00:00,50590.5,Germany
2024-06-26 07:00:00,55923.75,Germany
2024-06-26 08:00:00,59231.75,Germany
2024-06-26 09:00:00,60469.0,Germany
2024-06-26 10:00:00,60512.5,Germany
2024-06-26 11:00:00,61065.75,Germany
2024-06-26 12:00:00,60460.0,Germany
2024-06-26 13:00:00,59789.0,Germany
2024-06-26 14:00:00,58732.25,Germany
2024-06-26 15:00:00,57863.25,Germany
2024-06-26 16:00:00,57491.0,Germany
2024-06-26 17:00:00,57535.25,Germany
2024-06-26 18:00:00,58339.0,Germany
2024-06-26 19:00:00,57580.25,Germany
2024-06-26 20:00:00,54227.0,Germany
2024-06-26 21:00:00,53350.25,Germany
2024-06-26 22:00:00,51561.5,Germany
2024-06-26 23:00:00,47941.5,Germany
2024-06-27 00:00:00,45082.0,Germany
2024-06-27 01:00:00,43511.5,Germany
2024-06-27 02:00:00,42968.75,Germany
2024-06-27 03:00:00,42820.75,Germany
2024-06-27 04:00:00,43297.5,Germany
2024-06-27 05:00:00,45518.0,Germany
2024-06-27 06:00:00,51937.75,Germany
2024-06-27 07:00:00,57114.0,Germany
2024-06-27 08:00:00,60677.5,Germany
2024-06-27 09:00:00,61438.75,Germany
2024-06-27 10:00:00,61823.25,Germany
2024-06-27 11:00:00,62475.5,Germany
2024-06-27 12:00:00,61651.0,Germany
2024-06-27 13:00:00,61775.25,Germany
2024-06-27 14:00:00,60698.0,Germany
2024-06-27 15:00:00,59643.5,Germany
2024-06-27 16:00:00,59894.5,Germany
2024-06-27 17:00:00,59947.25,Germany
2024-06-27 18:00:00,59446.25,Germany
2024-06-27 19:00:00,58642.25,Germany
2024-06-27 20:00:00,56302.5,Germany
2024-06-27 21:00:00,53692.0,Germany
2024-06-27 22:00:00,51269.75,Germany
2024-06-27 23:00:00,47748.25,Germany
2024-06-28 00:00:00,44654.0,Germany
2024-06-28 01:00:00,42652.25,Germany
2024-06-28 02:00:00,41921.75,Germany
2024-06-28 03:00:00,41774.0,Germany
2024-06-28 04:00:00,42162.0,Germany
2024-06-28 05:00:00,44768.75,Germany
2024-06-28 06:00:00,51365.0,Germany
2024-06-28 07:00:00,56559.5,Germany
2024-06-28 08:00:00,60009.75,Germany
2024-06-28 09:00:00,60404.25,Germany
2024-06-28 10:00:00,61153.5,Germany
2024-06-28 11:00:00,61660.5,Germany
2024-06-28 12:00:00,61091.5,Germany
2024-06-28 13:00:00,60290.75,Germany
2024-06-28 14:00:00,58056.25,Germany
2024-06-28 15:00:00,56907.5,Germany
2024-06-28 16:00:00,56557.0,Germany
2024-06-28 17:00:00,57325.75,Germany
2024-06-28 18:00:00,56639.75,Germany
2024-06-28 19:00:00,55746.75,Germany
2024-06-28 20:00:00,53184.5,Germany
2024-06-28 21:00:00,50521.5,Germany
2024-06-28 22:00:00,48500.75,Germany
2024-06-28 23:00:00,45398.25,Germany
2024-06-29 00:00:00,42221.5,Germany
2024-06-29 01:00:00,39889.75,Germany
2024-06-29 02:00:00,38233.25,Germany
2024-06-29 03:00:00,37459.5,Germany
2024-06-29 04:00:00,37283.5,Germany
2024-06-29 05:00:00,37192.0,Germany
2024-06-29 06:00:00,39100.75,Germany
2024-06-29 07:00:00,42281.75,Germany
2024-06-29 08:00:00,45605.0,Germany
2024-06-29 09:00:00,48470.25,Germany
2024-06-29 10:00:00,49488.0,Germany
2024-06-29 11:00:00,49187.75,Germany
2024-06-29 12:00:00,48362.0,Germany
2024-06-29 13:00:00,47401.25,Germany
2024-06-29 14:00:00,46417.25,Germany
2024-06-29 15:00:00,46530.0,Germany
2024-06-29 16:00:00,46592.75,Germany
2024-06-29 17:00:00,46903.5,Germany
2024-06-29 18:00:00,48356.0,Germany
2024-06-29 19:00:00,48081.75,Germany
2024-06-29 20:00:00,46166.75,Germany
2024-06-29 21:00:00,44276.0,Germany
2024-06-29 22:00:00,43919.25,Germany
2024-06-29 23:00:00,41102.75,Germany
2024-06-30 00:00:00,39654.75,Germany
2024-06-30 01:00:00,38705.0,Germany
2024-06-30 02:00:00,37804.75,Germany
2024-06-30 03:00:00,37609.5,Germany
2024-06-30 04:00:00,37756.25,Germany
2024-06-30 05:00:00,36960.75,Germany
2024-06-30 06:00:00,37027.5,Germany
2024-06-30 07:00:00,38853.0,Germany
2024-06-30 08:00:00,40834.75,Germany
2024-06-30 09:00:00,43994.5,Germany
2024-06-30 10:00:00,47220.75,Germany
2024-06-30 11:00:00,49258.0,Germany
2024-06-30 12:00:00,49141.25,Germany
2024-06-30 13:00:00,47257.25,Germany
2024-06-30 14:00:00,46403.5,Germany
2024-06-30 15:00:00,46669.25,Germany
2024-06-30 16:00:00,46498.0,Germany
2024-06-30 17:00:00,47892.5,Germany
2024-06-30 18:00:00,49275.0,Germany
2024-06-30 19:00:00,48615.75,Germany
2024-06-30 20:00:00,47644.0,Germany
2024-06-30 21:00:00,46226.25,Germany
2024-06-30 22:00:00,45566.25,Germany
2024-06-30 23:00:00,43048.0,Germany
